Date,open,high,low,close,volume,Dividends,Stock Splits,bb_middle,bb_upper,bb_lower,rsi,bb_pct,price_below_lower,price_above_upper,price_reversal_up,price_reversal_down,rsi_oversold,rsi_overbought,rsi_rising,rsi_falling,signal,returns,strategy_returns,cumulative_returns
2023-01-03 00:00:00-05:00,128.78263321771394,129.39550245721088,122.74285754273936,123.63251495361328,112117500,0.0,0.0,134.21844635009765,147.33768479447116,121.09920790572414,89.42974545860216,0.820642695840461,False,False,False,False,False,False,False,False,0,,,
2023-01-04 00:00:00-05:00,125.4316068972832,127.18126787275598,123.64241229292817,124.90769958496094,89113600,0.0,0.0,134.21844635009765,147.33768479447116,121.09920790572414,89.42974545860216,0.820642695840461,False,False,True,False,False,False,False,False,0,0.010314314416608905,0.0,1.0
2023-01-05 00:00:00-05:00,125.66884126386319,126.30148488412831,123.32608545003059,123.58309173583984,80962700,0.0,0.0,134.21844635009765,147.33768479447116,121.09920790572414,89.42974545860216,0.820642695840461,False,False,False,True,False,False,False,False,0,-0.010604693333737258,-0.0,1.0
2023-01-06 00:00:00-05:00,124.5617315121944,128.79253144434853,123.45460129199294,128.13023376464844,87754700,0.0,0.0,134.21844635009765,147.33768479447116,121.09920790572414,89.42974545860216,0.820642695840461,False,False,True,False,False,False,False,False,0,0.03679420837381353,0.0,1.0
2023-01-09 00:00:00-05:00,128.97047367930062,131.87668586554148,128.3971379685157,128.65414428710938,70790800,0.0,0.0,134.21844635009765,147.33768479447116,121.09920790572414,89.42974545860216,0.820642695840461,False,False,False,False,False,False,False,False,0,0.004088890709613935,0.0,1.0
2023-01-10 00:00:00-05:00,128.76287866678214,129.75138537718297,126.64747490986099,129.22747802734375,63896200,0.0,0.0,134.21844635009765,147.33768479447116,121.09920790572414,89.42974545860216,0.820642695840461,False,False,False,False,False,False,False,False,0,0.004456395426756687,0.0,1.0
2023-01-11 00:00:00-05:00,129.74150433319187,131.9755240444425,128.9605906771462,131.9557647705078,69458900,0.0,0.0,134.21844635009765,147.33768479447116,121.09920790572414,89.42974545860216,0.820642695840461,False,False,True,False,False,False,False,False,0,0.021112280335508604,0.0,1.0
2023-01-12 00:00:00-05:00,132.34127780837738,132.71690008626126,129.92931912019301,131.87667846679688,71379600,0.0,0.0,134.21844635009765,147.33768479447116,121.09920790572414,89.42974545860216,0.820642695840461,False,False,False,False,False,False,False,False,0,-0.0005993395123622403,-0.0,1.0
2023-01-13 00:00:00-05:00,130.51251723414498,133.369300530634,130.14677464113623,133.2111358642578,57809700,0.0,0.0,134.21844635009765,147.33768479447116,121.09920790572414,89.42974545860216,0.820642695840461,False,False,True,False,False,False,False,False,0,0.010118979435753017,0.0,1.0
2023-01-17 00:00:00-05:00,133.28035102906594,135.7120688975574,132.5883994032112,134.37759399414062,63646600,0.0,0.0,134.21844635009765,147.33768479447116,121.09920790572414,89.42974545860216,0.820642695840461,False,False,False,False,False,False,False,False,0,0.008756461104508784,0.0,1.0
2023-01-18 00:00:00-05:00,135.2475023487297,137.016922815115,133.47806679892827,133.656005859375,69672800,0.0,0.0,134.21844635009765,147.33768479447116,121.09920790572414,89.42974545860216,0.820642695840461,False,False,False,False,False,False,False,False,0,-0.005369854551772191,-0.0,1.0
2023-01-19 00:00:00-05:00,132.5389610381249,134.6840184578663,132.23252641864943,133.7152862548828,58280400,0.0,0.0,134.21844635009765,147.33768479447116,121.09920790572414,89.42974545860216,0.820642695840461,False,False,False,False,False,False,False,False,0,0.00044352960517302087,0.0,1.0
2023-01-20 00:00:00-05:00,133.72518688361293,136.43370070636414,132.67737218152695,136.28541564941406,80223600,0.0,0.0,134.21844635009765,147.33768479447116,121.09920790572414,89.42974545860216,0.820642695840461,False,False,True,False,False,False,False,False,0,0.01922090934040388,0.0,1.0
2023-01-23 00:00:00-05:00,136.5325639862707,141.6728117743155,136.31509126831105,139.4882049560547,81760300,0.0,0.0,134.21844635009765,147.33768479447116,121.09920790572414,89.42974545860216,0.820642695840461,False,False,True,False,False,True,False,False,0,0.02350060196374648,0.0,1.0
2023-01-24 00:00:00-05:00,138.6973598255773,141.51460969317372,138.68748018952127,140.891845703125,66435100,0.0,0.0,134.21844635009765,147.33768479447116,121.09920790572414,90.11951357496156,0.820642695840461,False,False,True,False,False,True,True,False,0,0.010062791671256566,0.0,1.0
2023-01-25 00:00:00-05:00,139.27070057060922,140.79299416676852,137.21460493959157,140.22955322265625,65799300,0.0,0.0,134.21844635009765,147.33768479447116,121.09920790572414,86.66040893577684,0.820642695840461,False,False,False,False,False,True,False,True,0,-0.004700715482599871,-0.0,1.0
2023-01-26 00:00:00-05:00,141.52449124388164,142.59208020551668,140.26908361074402,142.305419921875,54105100,0.0,0.0,134.21844635009765,147.33768479447116,121.09920790572414,93.24210452862944,0.820642695840461,False,False,True,False,False,True,True,False,0,0.014803346737635836,0.0,1.0
2023-01-27 00:00:00-05:00,141.51462437013356,145.53783884062292,141.43554202324185,144.25277709960938,70555800,0.0,0.0,134.21844635009765,147.33768479447116,121.09920790572414,92.31976968200705,0.820642695840461,False,False,True,False,False,True,False,True,0,0.013684350032510784,0.0,1.0
2023-01-30 00:00:00-05:00,143.29394037386407,143.8771557170406,141.20819059706298,141.35646057128906,64015300,0.0,0.0,134.21844635009765,147.33768479447116,121.09920790572414,79.64937574750381,0.820642695840461,False,False,False,True,False,True,False,True,0,-0.02007806426021419,-0.0,1.0
2023-01-31 00:00:00-05:00,141.05990031223737,142.68105066516867,140.64472931637368,142.63162231445312,65874500,0.0,0.0,134.21844635009765,147.33768479447116,121.09920790572414,80.29498549489114,0.820642695840461,False,False,False,False,False,True,True,False,0,0.009020894680091152,0.0,1.0
2023-02-01 00:00:00-05:00,142.3152880410748,144.92494470830036,139.69575173845908,143.7584991455078,77663600,0.0,0.0,135.2247455596924,148.00829900921724,122.44119211016755,78.75727572043388,0.8337786171705103,False,False,False,False,False,True,False,True,0,0.007900610066471137,0.0,1.0
2023-02-02 00:00:00-05:00,147.18863235095503,149.44242627870938,146.46702672863907,149.08657836914062,118339000,0.0,0.0,136.43368949890137,149.6741334930028,123.19324550479995,83.39096514735783,0.9778121064473388,False,False,True,False,False,True,True,False,0,0.03706270763330588,0.0,1.0
2023-02-03 00:00:00-05:00,146.32861998643196,155.57116204732878,146.13092169771272,152.72425842285156,154357300,0.0,0.0,137.89074783325196,151.58288033963302,124.19861532687091,84.75361256988433,1.0416800700214746,False,True,True,False,False,True,True,False,0,0.02439978228425077,0.0,1.0
2023-02-06 00:00:00-05:00,150.81647157748358,151.3403789118004,149.04703617157855,149.98611450195312,69858300,0.0,0.0,138.9835418701172,152.88280442946612,125.08427931076825,76.32554194195265,0.8957969922812696,False,False,False,True,False,True,False,True,-1,-0.017928677141238913,-0.0,1.0
2023-02-07 00:00:00-05:00,148.9086520667493,153.4458943027817,148.9086520667493,152.87255859375,83322600,0.0,0.0,140.19446258544923,154.51803076108763,125.87089440981082,80.2051514267733,0.9425606752744663,False,False,True,False,False,True,True,False,0,0.019244742097504597,-0.019244742097504597,0.9807552579024954
2023-02-08 00:00:00-05:00,152.11141469080906,152.80336635897712,149.43255491704016,150.17393493652344,64120100,0.0,0.0,141.2417854309082,155.24862053190535,127.23495032991109,73.8881486980417,0.818849670222053,False,False,False,True,False,True,False,True,0,-0.017652766997888758,-0.0,0.9807552579024954
2023-02-09 00:00:00-05:00,152.0125597152097,152.55624141902396,148.6911765868534,149.13600158691406,56007100,0.0,0.0,142.1007972717285,155.8139468005948,128.3876477428622,69.51955766151724,0.7565130752923093,False,False,False,False,False,False,False,True,0,-0.006911541274110533,-0.0,0.9807552579024954
2023-02-10 00:00:00-05:00,147.96777632833437,149.82899586326752,147.73016708482578,149.50228881835938,57450700,0.23,0.0,142.98207778930663,156.18459826054684,129.77955731806642,66.64536167505932,0.7469305403940137,False,False,False,False,False,False,False,True,0,0.0024560617660911443,0.0,0.9807552579024954
2023-02-13 00:00:00-05:00,149.44290943263957,152.71985991539307,149.41321016170093,152.31396484375,62199000,0.0,0.0,143.93721923828124,156.92565947049445,130.94877900606804,68.13683160774667,0.8224692671215909,False,False,True,False,False,False,True,False,0,0.018806909563817698,0.0,0.9807552579024954
2023-02-14 00:00:00-05:00,150.60122163396125,152.23475701699866,149.35380697400552,151.67044067382812,61707600,0.0,0.0,144.80186157226564,157.40751740447766,132.1962057400536,68.17746759140735,0.7724403709329735,False,False,False,False,False,False,True,False,0,-0.004224984692519973,-0.0,0.9807552579024954
2023-02-15 00:00:00-05:00,151.58133825179516,153.94747569846558,151.3536388197947,153.7791748046875,65573800,0.0,0.0,145.80802001953126,157.86841289033575,133.74762714872676,68.21066856536711,0.8304682886596764,False,False,True,False,False,False,True,False,0,0.013903395556120746,0.0,0.9807552579024954
2023-02-16 00:00:00-05:00,151.97733873436857,154.76919088525318,151.8189476677602,152.17535400390625,68167900,0.0,0.0,146.73102340698242,157.66789623091063,135.7941505830542,62.713020602765056,0.7488979566907127,False,False,False,True,False,False,False,True,0,-0.010429375777430416,-0.0,0.9807552579024954
2023-02-17 00:00:00-05:00,150.8289163610091,151.4724206020355,149.3438926296166,151.02691650390625,59144100,0.0,0.0,147.46809844970704,157.37981955730461,137.55637734210947,66.43996623617969,0.6795257360233475,False,False,False,False,False,False,True,False,0,-0.007546803538045488,-0.0,0.9807552579024954
2023-02-21 00:00:00-05:00,148.70038717333577,149.7894107206676,146.92826533516197,146.99755859375,58867200,0.0,0.0,147.84356613159179,157.02448124167907,138.6626510215045,56.78665051237995,0.4539257509901024,False,False,False,True,False,False,False,True,0,-0.02667973367550036,-0.0,0.9807552579024954
2023-02-22 00:00:00-05:00,147.383654456277,148.45287338487984,145.6907358158214,147.4232635498047,51011300,0.0,0.0,148.17013702392578,156.7552033372372,139.58507071061436,55.8236593222098,0.45650158968702215,False,False,False,False,False,False,False,True,0,0.0028960001793716383,0.0,0.9807552579024954
2023-02-23 00:00:00-05:00,148.591484366889,148.83898834448985,145.7699480861059,147.9083709716797,48394200,0.0,0.0,148.55407791137696,156.28859950552018,140.81955631723375,47.78711099265475,0.4582581203091977,False,False,False,False,False,False,False,True,0,0.0032905757896963816,0.0,0.9807552579024954
2023-02-24 00:00:00-05:00,145.64123957502227,145.720442659753,144.26511807901926,145.2452392578125,55469600,0.0,0.0,148.70106887817383,156.03705049810617,141.3650872582415,35.419268358998735,0.26446031360195793,False,False,False,True,False,False,False,True,0,-0.018005280542080393,-0.0,0.9807552579024954
2023-02-27 00:00:00-05:00,146.23526611588312,147.6806809778149,145.97785229460726,146.4431610107422,44998500,0.0,0.0,148.81058807373046,155.9291321910651,141.69204395639582,42.65151846021507,0.3337140977167467,False,False,False,False,False,False,True,False,0,0.008247580155128942,0.0,0.9807552579024954
2023-02-28 00:00:00-05:00,145.58185657335414,147.59158785522064,145.36405184371336,145.93826293945312,50547000,0.0,0.0,149.03967819213867,155.40300276795907,142.67635361631827,34.04086305468542,0.25630543313235854,False,False,False,False,False,False,False,True,0,-0.0034477408695925416,-0.0,0.9807552579024954
2023-03-01 00:00:00-05:00,145.3640509605452,145.76005131760687,143.56221459109048,143.85922241210938,55479000,0.0,0.0,149.10105819702147,155.2232372935816,142.97887910046134,35.04017929763046,0.0718978731071974,False,False,False,True,False,False,True,False,0,-0.014246027638456282,-0.0,0.9807552579024954
2023-03-02 00:00:00-05:00,142.93850860687647,145.24524759786468,142.46329007120497,144.45323181152344,52238100,0.0,0.0,149.13579483032225,155.137028658657,143.13456100198752,38.6679684095941,0.1098666413654666,False,False,False,False,False,False,True,False,0,0.004129101975210325,0.0,0.9807552579024954
2023-03-03 00:00:00-05:00,146.56197176838737,149.60132834219667,145.85906882111533,149.52212524414062,70732300,0.0,0.0,149.15757217407227,155.1612145653427,143.15392978280184,50.03910310707272,0.5303609914040208,False,False,True,False,False,False,True,False,0,0.03509020441460842,0.0,0.9807552579024954
2023-03-06 00:00:00-05:00,152.25456509183923,154.73951510110595,151.92787308169673,152.29417419433594,87558000,0.0,0.0,149.13606796264648,155.08878431977183,143.18335160552112,49.960926084926264,0.7652659762554646,False,False,True,False,False,False,False,True,0,0.018539389710178877,0.0,0.9807552579024954
2023-03-07 00:00:00-05:00,152.16545023619062,152.49215731620518,149.62111707090608,150.08642578125,56182000,0.0,0.0,149.14108352661134,155.09698373929913,143.18518331392355,47.054514047309375,0.5793618278413066,False,False,False,True,False,False,False,True,0,-0.01449660451402901,-0.0,0.9807552579024954
2023-03-08 00:00:00-05:00,151.28432094793195,151.93773504020743,150.31410963622918,151.34371948242188,47204800,0.0,0.0,149.06464157104492,154.85585781285792,143.2734253292319,45.32316214131839,0.6967702306574093,False,False,False,False,False,False,False,True,0,0.008377131340340904,0.0,0.9807552579024954
2023-03-09 00:00:00-05:00,152.02683517023416,152.99704649679572,148.73008049756518,149.08648681640625,53833600,0.0,0.0,149.01026916503906,154.77800519229834,143.2425331377798,44.21361643256098,0.5066072416461996,False,False,False,True,False,False,False,True,0,-0.014914610753159141,-0.0,0.9807552579024954
2023-03-10 00:00:00-05:00,148.71028294188977,149.43299026055394,146.1362357677826,147.01734924316406,68572400,0.0,0.0,148.90433654785156,154.73977612388134,143.06889697182177,42.73932344468152,0.3383166100769284,False,False,False,True,False,False,False,True,0,-0.013878773438334768,-0.0,0.9807552579024954
2023-03-13 00:00:00-04:00,146.33426615185107,151.61105337476013,146.2253637849075,148.96771240234375,84457100,0.0,0.0,148.8776077270508,154.70640858684672,143.04880686725485,53.85812466383792,0.5077292634849184,False,False,True,False,False,False,True,False,0,0.013266210887490804,0.0,0.9807552579024954
2023-03-14 00:00:00-04:00,149.7696098588517,151.86843881288326,148.60139830336453,151.0665283203125,73695900,0.0,0.0,148.81523590087892,154.5144673483474,143.11600445341043,56.69578883075175,0.6975084219850003,False,False,True,False,False,False,True,False,0,0.014089065906443654,0.0,0.9807552579024954
2023-03-15 00:00:00-04:00,149.68050801163758,151.71993837140982,148.42318357477492,151.46253967285156,77167900,0.0,0.0,148.8048408508301,154.48286399663547,143.1268177050247,56.5535054104698,0.7340338136860922,False,False,False,False,False,False,False,True,0,0.0026214367732035893,0.0,0.9807552579024954
2023-03-16 00:00:00-04:00,150.64082983435895,154.89790141964556,150.1260173130943,154.2939910888672,76161100,0.0,0.0,148.83058166503906,154.60736401057136,143.05379931950677,66.58199772836706,0.9728765164619253,False,False,True,False,False,False,True,False,0,0.018694070640379756,0.0,0.9807552579024954
2023-03-17 00:00:00-04:00,154.52168788730708,155.17510202547024,152.7396561952458,153.4524688720703,98944600,0.0,0.0,148.89443740844726,154.85229035989667,142.93658445699785,63.01468055014098,0.88252299114853,False,False,False,False,False,False,False,True,0,-0.005454018078462908,-0.0,0.9807552579024954
2023-03-20 00:00:00-04:00,153.52179760346752,156.24434176719376,152.61096953502098,155.82852172851562,73641400,0.0,0.0,149.13451766967773,155.7992298265497,142.46980551280578,67.1708137915834,1.0021975369135583,False,True,True,False,False,False,True,False,0,0.015483966298555751,0.0,0.9807552579024954
2023-03-21 00:00:00-04:00,155.7493352646716,157.80855539502778,154.97710883273007,157.68975830078125,73938300,0.0,0.0,149.66912765502929,157.26270853241215,142.07554677764642,74.19464022405182,1.0281191295164216,False,True,True,False,False,True,True,False,0,0.011944132894414983,0.0,0.9807552579024954
2023-03-22 00:00:00-04:00,157.70955140928402,160.5211932163919,156.23442213481738,156.2542266845703,75701800,0.0,0.0,150.11067581176758,158.1672790300081,142.05407259352705,70.05379901757414,0.881274260776145,False,False,False,False,False,True,False,True,0,-0.009103518400178978,-0.0,0.9807552579024954
2023-03-23 00:00:00-04:00,157.24422341863578,159.93706781022715,156.10569609721924,157.3432159423828,67622100,0.0,0.0,150.58241806030273,159.18261069435093,141.98222542625453,65.36956486538514,0.8930608400161908,False,False,False,False,False,False,False,True,0,0.006969342723834426,0.0,0.9807552579024954
2023-03-24 00:00:00-04:00,157.27394850099208,158.73916800835937,156.27403774029648,158.6500701904297,59196500,0.0,0.0,151.2526596069336,160.1844808638293,142.32083835003792,63.25346593374985,0.9141042666849728,False,False,False,False,False,False,False,True,0,0.00830575528928712,0.0,0.9807552579024954
2023-03-27 00:00:00-04:00,158.34313696257095,159.16485192823146,156.2937969084943,156.69970703125,52390300,0.0,0.0,151.76548690795897,160.71237121323327,142.81860260268468,63.93980328965566,0.7757507504809381,False,False,False,True,False,False,True,False,0,-0.012293490679447183,-0.0,0.9807552579024954
2023-03-28 00:00:00-04:00,156.39283166414998,156.90764422361815,154.4226943488484,156.07601928710938,45992200,0.0,0.0,152.2723747253418,160.97455175714705,143.57019769353653,60.248730045220036,0.7185455747375504,False,False,False,False,False,False,False,True,0,-0.003980146204206059,-0.0,0.9807552579024954
2023-03-29 00:00:00-04:00,157.7788549243155,159.4420897633789,157.75906547972215,159.16488647460938,51305700,0.0,0.0,153.03765792846679,161.3057942670622,144.76952158987137,71.06787160584557,0.8705326264118839,False,False,True,False,False,True,True,False,0,0.019790786577006836,0.0,0.9807552579024954
2023-03-30 00:00:00-04:00,159.9172681392784,160.8478855082498,159.65986944195512,160.73898315429688,49501700,0.0,0.0,153.85194549560546,161.76032381864354,145.94356717256738,79.28988570814374,0.935426668867663,False,False,False,False,False,True,True,False,0,0.009889723258393435,0.0,0.9807552579024954
2023-03-31 00:00:00-04:00,160.8182007028279,163.35263923391068,160.29349343380431,163.25363159179688,68749800,0.0,0.0,154.53852081298828,163.21144627449388,145.86559535148268,79.77706054248941,1.0024320119831671,False,True,True,False,False,True,True,False,0,0.015644297283417208,0.0,0.9807552579024954
2023-04-03 00:00:00-04:00,162.62993146566447,164.62975289569243,162.58042764470542,164.51095581054688,56976200,0.0,0.0,155.14935989379882,164.82018581696548,145.47853397063216,79.04185932450766,0.9840122235228206,False,False,False,False,False,True,False,True,0,0.007701661558707773,0.0,0.9807552579024954
2023-04-04 00:00:00-04:00,164.9366655701128,165.17425973324032,163.46153634610226,163.97634887695312,46278300,0.0,0.0,155.84385604858397,165.9681268987154,145.71958519845253,76.87069837177864,0.9016335076744599,False,False,False,False,False,True,False,True,0,-0.003249673743367043,-0.0,0.9807552579024954
2023-04-05 00:00:00-04:00,163.09524181864398,163.40214436262949,160.18459235196994,162.12501525878906,51511700,0.0,0.0,156.38292083740234,166.6454638807262,146.12037779407848,67.55432388280653,0.7797598215737647,False,False,False,True,False,False,False,True,0,-0.011290247836615142,-0.0,0.9807552579024954
2023-04-06 00:00:00-04:00,160.80827539475462,163.31302951982073,160.3825758088242,163.01602172851562,45390100,0.0,0.0,157.07939758300782,167.1457823102693,147.01301285574633,71.39057125753654,0.7948736962849439,False,False,False,False,False,True,True,False,0,0.005495798833414556,0.0,0.9807552579024954
2023-04-10 00:00:00-04:00,159.80838211165943,160.41229248046875,158.48176428720794,160.41229248046875,47716900,0.0,0.0,157.74914474487304,166.7195009357068,148.77878855403927,60.149045374444576,0.6484415824154794,False,False,False,True,False,False,False,True,0,-0.015972229112443226,-0.0,0.9807552579024954
2023-04-11 00:00:00-04:00,160.7290771287002,160.73897184874764,158.9074365082997,159.19454956054688,47644200,0.0,0.0,158.2604866027832,166.2336766740721,150.28729653149432,53.42952329285426,0.5585752345931896,False,False,False,False,False,False,False,True,0,-0.00759133169342463,-0.0,0.9807552579024954
2023-04-12 00:00:00-04:00,159.61038476928212,160.44199460478865,158.18475927615913,158.50157165527344,50133100,0.0,0.0,158.63223876953126,165.85073770008228,151.41373983898023,55.30128513385492,0.4909491491572581,False,False,False,False,False,False,True,False,0,-0.0043530253214472125,-0.0,0.9807552579024954
2023-04-13 00:00:00-04:00,160.0163027979601,164.1446680117871,159.80839277568336,163.9070587158203,68445600,0.0,0.0,159.25446472167968,166.00073526983846,152.5081941735209,62.86386021069353,0.8448271130640053,False,False,True,False,False,False,True,False,0,0.03410368114395301,0.0,0.9807552579024954
2023-04-14 00:00:00-04:00,162.94674189589546,164.65948057952454,162.18444039601638,163.56056213378906,49386500,0.0,0.0,159.7177932739258,166.3004738874233,153.1351126604283,60.00003728875918,0.7918848023694055,False,False,False,False,False,False,False,True,0,-0.0021139820624320738,-0.0,0.9807552579024954
2023-04-17 00:00:00-04:00,163.4417206444433,163.73872843453088,162.39230621171848,163.580322265625,41516200,0.0,0.0,160.22418594360352,166.31752430636817,154.13084758083886,65.20795391692636,0.7753938910179564,False,False,False,False,False,False,True,False,0,0.00012081232528271535,0.0,0.9807552579024954
2023-04-18 00:00:00-04:00,164.44168227100437,165.7386009608918,163.9961629353784,164.8079833984375,49923000,0.0,0.0,160.67315902709962,166.72590033794327,154.62041771625596,68.79803327197163,0.8415662556014273,False,False,False,False,False,False,True,False,0,0.00750494384537892,0.0,0.9807552579024954
2023-04-19 00:00:00-04:00,164.14465925023921,166.48109766330478,163.8872454167369,165.95639038085938,47720200,0.0,0.0,161.08649063110352,167.4046259469959,154.76835531521112,65.95352384884929,0.8853905864841406,False,False,False,False,False,False,False,True,0,0.006968151413184298,0.0,0.9807552579024954
2023-04-20 00:00:00-04:00,164.43172332058813,166.1939502652675,163.9070161464107,164.9861297607422,52456400,0.0,0.0,161.5230857849121,167.63878714432101,155.40738442550318,60.268013596197086,0.783127295817204,False,False,False,False,False,False,False,True,0,-0.005846479414805872,-0.0,0.9807552579024954
2023-04-21 00:00:00-04:00,163.40213579346278,164.78815208279067,162.8477292777316,163.3724365234375,58337300,0.0,0.0,161.82454681396484,167.66072754095362,155.98836608697607,50.30030840817259,0.6326115298584408,False,False,False,False,False,False,False,True,0,-0.009780781206546352,-0.0,0.9807552579024954
2023-04-24 00:00:00-04:00,163.3526447044582,163.94666036414364,162.25372630855222,163.67935180664062,41949600,0.0,0.0,162.07601089477538,167.76789046722598,156.38413132232478,47.79182009127684,0.6408445919714828,False,False,False,False,False,False,False,True,0,0.0018786234063363771,0.0,0.9807552579024954
2023-04-25 00:00:00-04:00,163.5407390651718,164.64955210777222,162.09530911482935,162.13491821289062,48714100,0.0,0.0,162.34777145385743,167.44699415786982,157.24854874984504,45.35927545015182,0.4791288542075911,False,False,False,False,False,False,False,True,0,-0.00943572647803792,-0.0,0.9807552579024954
2023-04-26 00:00:00-04:00,161.43200707778223,163.62984381357916,161.1746083552498,162.12501525878906,45498800,0.0,0.0,162.6502212524414,166.8151138800423,158.48532862484052,50.0,0.43694843533638894,False,False,False,False,False,False,True,False,0,-6.10784784099705e-05,-0.0,0.9807552579024954
2023-04-27 00:00:00-04:00,163.54072434320634,166.8770729984066,163.54072434320634,166.72857666015625,64902300,0.0,0.0,163.02840576171874,167.23416682819294,158.82264469524455,58.54992852393851,0.9398931418064912,False,False,True,False,False,False,True,False,0,0.028395133187921973,0.0,0.9807552579024954
2023-04-28 00:00:00-04:00,166.80779457565893,168.15421688581486,166.2038842356674,167.98590087890625,55209200,0.0,0.0,163.39075164794923,167.99577031390334,158.78573298199512,68.59501159884192,0.9989284044525104,False,False,False,False,False,False,True,False,0,0.007541144079414863,0.0,0.9807552579024954
2023-05-01 00:00:00-04:00,167.5899022757501,168.74821914844807,166.95629265889536,167.8968048095703,52472900,0.0,0.0,163.6229103088379,168.64784174381447,158.59797887386134,72.61973792863834,0.9252689371026555,False,False,False,False,False,True,True,False,0,-0.0005303782571619564,-0.0,0.9807552579024954
2023-05-02 00:00:00-04:00,168.3918123170909,168.6492261368123,165.86726857821876,166.85728454589844,48425700,0.0,0.0,163.74022674560547,168.9583023056697,158.52215118554125,71.33462161825209,0.798678867756239,False,False,False,False,False,True,False,True,0,-0.006191423743000413,-0.0,0.9807552579024954
2023-05-03 00:00:00-04:00,167.80771888799373,169.21353985292495,165.4910849784499,165.77818298339844,65136000,0.0,0.0,163.83031845092773,169.1271827919457,158.53345410990977,56.132367031863545,0.6838695884078804,False,False,False,False,False,False,False,True,0,-0.006467212776695819,-0.0,0.9807552579024954
2023-05-04 00:00:00-04:00,163.243711633137,165.37223965151196,162.6695006318279,164.1347198486328,81235400,0.0,0.0,163.93080368041993,169.16736184858698,158.69424551225288,51.734290539294854,0.5194704385652095,False,False,False,False,False,False,False,True,0,-0.009913627385638613,-0.0,0.9807552579024954
2023-05-05 00:00:00-04:00,169.27292902501793,172.55978934902075,169.0551242996228,171.8370819091797,113316400,0.0,0.0,164.37185668945312,170.6636086194563,158.08010475944994,67.03428988403404,1.0932548917041283,False,True,True,False,False,False,True,False,0,0.046927073489692495,0.0,0.9807552579024954
2023-05-08 00:00:00-04:00,170.7579255984111,172.1142575536809,170.3916245765101,171.7677459716797,55962800,0.0,0.0,164.93962936401368,171.7545957037637,158.12466302426367,65.07918875905102,1.0009648079873328,False,True,False,False,False,False,False,True,0,-0.0004034981083805844,-0.0,0.9807552579024954
2023-05-09 00:00:00-04:00,171.32224224608487,171.80734033421783,169.88672231518646,170.05502319335938,45326900,0.0,0.0,165.4826530456543,172.0979734971565,158.86733259415212,58.668230300855434,0.8455894677533567,False,False,False,False,False,False,False,True,0,-0.009971154762679957,-0.0,0.9807552579024954
2023-05-10 00:00:00-04:00,171.29257694818676,172.29248769554175,170.1837487273319,171.82717895507812,53724500,0.0,0.0,166.14893341064453,172.48198170555779,159.81588511573128,63.99354530614538,0.9483027193235205,False,False,True,False,False,False,True,False,0,0.010421072711881862,0.0,0.9807552579024954
2023-05-11 00:00:00-04:00,172.11428168700377,172.84688383352895,170.4510470092042,172.01527404785156,49514700,0.0,0.0,166.5543441772461,173.30729941154345,159.80138894294873,68.77409252989877,0.9043363002667435,False,False,False,False,False,False,True,False,0,0.0010946760222525498,0.0,0.9807552579024954
2023-05-12 00:00:00-04:00,172.12430116865193,172.5605130962495,169.52687667093326,171.08335876464844,45497800,0.24,0.0,166.93048400878905,173.81801721069166,160.04295080688644,65.65793269556563,0.8014776578290901,False,False,False,False,False,False,False,True,0,-0.0054176310119058435,-0.0,0.9807552579024954
2023-05-15 00:00:00-04:00,171.6682987112497,171.71787100649163,169.99285497252012,170.5876922607422,37266700,0.0,0.0,167.2808525085449,174.1637445936941,160.39796042339572,68.7056090387544,0.7402216765342179,False,False,False,False,False,False,True,False,0,-0.002897222193235738,-0.0,0.9807552579024954
2023-05-16 00:00:00-04:00,170.5083796138232,171.64846676768477,170.3200139683082,170.5876922607422,42110300,0.0,0.0,167.56983795166016,174.50073479040722,160.6389411129131,68.73573562617307,0.717710231395363,False,False,False,False,False,False,True,False,0,0.0,0.0,0.9807552579024954
2023-05-17 00:00:00-04:00,170.23077817517168,171.4402543357864,168.9518826544196,171.20233154296875,57951600,0.0,0.0,167.83213500976564,174.90161163586058,160.7626583836707,62.02919909277998,0.7383625204136756,False,False,False,False,False,False,False,True,0,0.003603069330975428,0.0,0.9807552579024954
2023-05-18 00:00:00-04:00,171.50966446616422,173.73037308197308,171.0932844370763,173.54200744628906,65496700,0.0,0.0,168.25992889404296,175.63322165427152,160.8866361338144,64.11773874244824,0.8581899379296019,False,False,True,False,False,False,True,False,0,0.013666145094134441,0.0,0.9807552579024954
2023-05-19 00:00:00-04:00,174.8704617599002,174.8704617599002,173.43295602393476,173.65106201171875,55772400,0.0,0.0,168.77386016845702,176.14564273702334,161.4020775998907,64.60641300045162,0.830802068420899,False,False,False,False,False,False,True,False,0,0.0006284044251558818,0.0,0.9807552579024954
2023-05-22 00:00:00-04:00,172.481219573557,173.20494177332736,171.95578654636702,172.69932556152344,43570900,0.0,0.0,169.22485885620117,176.38494358678096,162.06477412562137,64.89562356632192,0.7426274852924067,False,False,False,False,False,False,True,False,0,-0.005480740740480439,-0.0,0.9807552579024954
2023-05-23 00:00:00-04:00,171.63852857067366,171.88637487652753,169.80445985641978,170.08204650878906,50747300,0.0,0.0,169.6222152709961,175.96052042959366,163.28391011239853,60.17553150807886,0.5362739901509186,False,False,False,True,False,False,False,True,0,-0.015155120289117585,-0.0,0.9807552579024954
2023-05-24 00:00:00-04:00,169.61609547644804,170.93463964845503,169.05101376120967,170.35963439941406,45143500,0.0,0.0,170.03394622802733,175.30097104835008,164.7669214077046,65.7336044330355,0.5309176605861118,False,False,False,False,False,False,True,False,0,0.0016320822586683992,0.0,0.9807552579024954
2023-05-25 00:00:00-04:00,170.92475054539574,172.4019050243478,170.21095188854838,171.499755859375,56058300,0.0,0.0,170.2725051879883,175.33749933299646,165.20751104298012,48.72418151283783,0.6211502556815625,False,False,False,False,False,False,False,True,0,0.006692438992254912,0.0,0.9807552579024954
2023-05-26 00:00:00-04:00,171.82689288847826,174.25578364207266,171.6186953371014,173.918701171875,54835000,0.0,0.0,170.56914520263672,175.7635463776546,165.37474402761885,56.90755011177328,0.8224198378580911,False,False,True,False,False,False,True,False,0,0.014104657469503623,0.0,0.9807552579024954
2023-05-30 00:00:00-04:00,175.4355461600694,177.44805707235744,175.04890650518007,175.77261352539062,55964400,0.0,0.0,170.96293563842772,176.4879377238087,165.43793355304675,68.19638663509521,0.9352648028576491,False,False,True,False,False,False,True,False,0,0.0106596492557951,0.0,0.9807552579024954
2023-05-31 00:00:00-04:00,175.80236562165695,177.80496826079084,175.23726871202743,175.72305297851562,99625300,0.0,0.0,171.4062240600586,176.96678219011469,165.84566593000253,63.925583323334024,0.8881650742147249,False,False,False,False,False,False,False,True,0,-0.00028195829760391256,-0.0,0.9807552579024954
2023-06-01 00:00:00-04:00,176.16916396782793,178.56831456742498,175.4057930547119,178.53857421875,68901800,0.0,0.0,172.04424362182618,177.81026523872114,166.27822200493122,69.63002825732997,1.0631552418997916,False,True,True,False,False,False,True,False,0,0.016022492168848324,0.0,0.9807552579024954
2023-06-02 00:00:00-04:00,179.47047169338217,180.21401063542314,177.7157155545107,179.3911590576172,61945900,0.0,0.0,172.80706558227538,178.19129065667366,167.4228405078771,75.1199108258391,1.1114244282477013,False,True,False,False,False,True,True,False,0,0.004775353688119877,0.0,0.9807552579024954
2023-06-05 00:00:00-04:00,181.05671795588958,183.35672418608127,176.50624753561252,178.03298950195312,121946500,0.0,0.0,173.11686096191406,178.95956900904835,167.27415291477976,71.39602208995069,0.9207063317540151,False,False,False,False,False,True,False,True,0,-0.007570994929732566,-0.0,0.9807552579024954
2023-06-06 00:00:00-04:00,178.41961560329207,178.56831734898336,175.90148844243106,177.66616821289062,64848400,0.0,0.0,173.41178207397462,179.5554719175948,167.26809223035445,69.92184916605613,0.8462403089353474,False,False,False,False,False,False,False,True,0,-0.0020604118938218896,-0.0,0.9807552579024954
2023-06-07 00:00:00-04:00,176.90280103766142,179.64894264257165,175.79245430672572,176.28814697265625,61944600,0.0,0.0,173.72343826293945,179.78195026532927,167.66492626054963,63.72394006173022,0.7116616017848221,False,False,False,False,False,False,False,True,0,-0.007756238872575594,-0.0,0.9807552579024954
2023-06-08 00:00:00-04:00,176.367453055308,179.2821284929526,175.93125619506344,179.01446533203125,50214900,0.0,0.0,174.08280258178712,180.5091916031292,167.65641356044503,64.46543594790487,0.8837040314448781,False,False,True,False,False,False,True,False,0,0.015465125739837049,0.0,0.9807552579024954
2023-06-09 00:00:00-04:00,179.93643394119178,180.6601409825454,179.0739335613958,179.40109252929688,48870700,0.0,0.0,174.45209350585938,181.218104198631,167.68608281308775,64.97933769316752,0.8657250371126879,False,False,False,False,False,False,True,False,0,0.0021597539425013412,0.0,0.9807552579024954
2023-06-12 00:00:00-04:00,179.7084305703386,182.30585540353945,179.41101193334958,182.2067108154297,54274900,0.0,0.0,175.00826110839844,182.40739400380957,167.60912821298732,72.58598665160635,0.9864387360507915,False,False,True,False,False,True,True,False,0,0.015638802677161223,0.0,0.9807552579024954
2023-06-13 00:00:00-04:00,181.2252339092373,182.5635949733869,180.86833459999627,181.7308349609375,54929100,0.0,0.0,175.5654182434082,183.2361711045982,167.8946653822182,80.80763323414067,0.901878200816707,False,False,False,False,False,True,True,False,0,-0.002611736155943456,-0.0,0.9807552579024954
2023-06-14 00:00:00-04:00,181.79033583961464,182.8015531826157,180.45197462688512,182.36534118652344,57462900,0.0,0.0,176.15430068969727,184.02185806206685,168.28674331732768,81.16325014219015,0.8947248302655529,False,False,False,False,False,True,True,False,0,0.003491461565795051,0.0,0.9807552579024954
2023-06-15 00:00:00-04:00,182.37524971506843,184.91319370821412,182.19679249165128,184.40757751464844,65433200,0.0,0.0,176.81456298828124,185.13566279092305,168.49346318563943,82.00595528616776,0.9562506583538719,False,False,True,False,False,True,True,False,0,0.011198599003722887,0.0,0.9807552579024954
2023-06-16 00:00:00-04:00,185.12138568804832,185.37915556544473,182.68258615200966,183.3269805908203,101235600,0.0,0.0,177.3038116455078,185.9586917709049,168.64893152011072,74.98697119885233,0.8479637417298234,False,False,False,False,False,True,False,True,0,-0.005859829288968776,-0.0,0.9807552579024954
2023-06-20 00:00:00-04:00,182.82137659501507,184.4968202621219,182.82137659501507,183.41619873046875,49799100,0.0,0.0,177.7920684814453,186.6779983846382,168.90613857825244,72.39986620805362,0.8164626724661977,False,False,False,False,False,True,False,True,0,0.0004866612615388455,0.0,0.9807552579024954
2023-06-21 00:00:00-04:00,183.30713360389032,183.81274978200145,181.01703601018858,182.375244140625,49515700,0.0,0.0,178.2758644104004,187.04719465000764,169.50453417079316,68.42398865378667,0.7336806173203758,False,False,False,False,False,False,False,True,0,-0.005675368898978461,-0.0,0.9807552579024954
2023-06-22 00:00:00-04:00,182.15714267343606,185.43862563579464,182.0877384404729,185.38905334472656,51245300,0.0,0.0,179.04121475219728,187.46662362142706,170.6158058829675,68.76703945503841,0.8767080441467987,False,False,True,False,False,False,True,False,0,0.016525319641396585,0.0,0.9807552579024954
2023-06-23 00:00:00-04:00,183.9515678810459,185.94424713129428,183.41621128242684,185.0718231201172,53079300,0.0,0.0,179.7768241882324,187.55488604170026,171.99876233476456,66.03257780120514,0.8403803564202824,False,False,False,False,False,False,False,True,0,-0.0017111594179161083,-0.0,0.9807552579024954
2023-06-26 00:00:00-04:00,185.2205087707664,186.42999999051133,183.63428631385352,183.6739501953125,48088700,0.0,0.0,180.3855339050293,187.29294944792747,173.4781183621311,65.88492297432707,0.7380352151872618,False,False,False,False,False,False,False,True,0,-0.00755313748596631,-0.0,0.9807552579024954
2023-06-27 00:00:00-04:00,184.28862175731683,186.767085127622,184.07051577054278,186.43992614746094,50730800,0.0,0.0,181.0115951538086,187.71792423238006,174.30526607523714,71.76586020263932,0.9047170165715048,False,False,True,False,False,True,True,False,0,0.015059162985318286,0.0,0.9807552579024954
2023-06-28 00:00:00-04:00,186.31103877905792,188.26406909954764,185.9838949305078,187.6196746826172,51216800,0.0,0.0,181.60394821166992,188.4531921926305,174.75470423070934,78.39044251170793,0.939152590247164,False,False,False,False,False,True,True,False,0,0.006327767659718653,0.0,0.9807552579024954
2023-06-29 00:00:00-04:00,187.4511250421375,188.43260188630063,187.3123317121149,187.95672607421875,46347300,0.0,0.0,182.21563186645508,189.03854064162473,175.39272309128543,75.45140589876416,0.9207218942056655,False,False,False,False,False,True,False,True,0,0.0017964608038667507,0.0,0.9807552579024954
2023-06-30 00:00:00-04:00,189.9791732182635,192.8046122965116,189.61235036422667,192.29901123046875,85069600,0.0,0.0,182.903653717041,190.84831368921903,174.958993744863,79.9631344246489,1.0913001655407548,False,True,True,False,False,True,True,False,0,0.023102579231643716,0.0,0.9807552579024954
2023-07-03 00:00:00-04:00,192.11065327577057,192.20979786240994,190.1080506189076,190.80203247070312,31458200,0.0,0.0,183.4741973876953,191.976148512994,174.97224626239662,71.26045561219445,0.93095020043122,False,False,False,False,False,True,False,True,0,-0.007784640961941869,-0.0,0.9807552579024954
2023-07-05 00:00:00-04:00,189.91968534956396,191.3175270975779,188.97785723169864,189.68174743652344,46920300,0.0,0.0,184.05663528442383,192.5850685672419,175.52820200160576,69.05893859468807,0.8297857862963128,False,False,False,False,False,False,False,True,0,-0.005871452309354708,-0.0,0.9807552579024954
2023-07-06 00:00:00-04:00,188.20460802565435,190.36583614793244,187.57012195006965,190.1576385498047,45094300,0.0,0.0,184.68120880126952,193.0675342324067,176.29488337013234,68.82185221332091,0.8265094941463873,False,False,False,False,False,False,False,True,0,0.002508892498686466,0.0,0.9807552579024954
2023-07-07 00:00:00-04:00,189.76106040417397,191.01020041329645,188.60114143984475,189.03733825683594,46778000,0.0,0.0,185.31866836547852,192.92026017495672,177.7170765560003,61.70420248976997,0.7445981042234284,False,False,False,False,False,False,False,True,0,-0.005891429350471933,-0.0,0.9807552579024954
2023-07-10 00:00:00-04:00,187.62956280429208,188.35328491241106,185.42868638795846,186.98516845703125,59922200,0.0,0.0,185.71720352172852,192.74096142927303,178.69344561418401,58.81500775449184,0.5902625739663347,False,False,False,True,False,False,False,True,0,-0.010855896611369431,-0.0,0.9807552579024954
2023-07-11 00:00:00-04:00,187.53046059023825,187.66925393721883,184.99251645839882,186.4597625732422,46638100,0.0,0.0,186.07013702392578,192.43615662919717,179.7041174186544,57.18297402198002,0.5306019752903193,False,False,False,False,False,False,False,True,0,-0.0028098799927535056,-0.0,0.9807552579024954
2023-07-12 00:00:00-04:00,188.0459566971953,190.04855924155865,186.84638895388292,188.13519287109375,60750200,0.0,0.0,186.36656112670897,192.52380803847302,180.20931421494492,63.198519745123164,0.6436219604094182,False,False,False,False,False,False,True,False,0,0.008985479090661386,0.0,0.9807552579024954
2023-07-13 00:00:00-04:00,188.85889555641208,189.54295381895912,188.1450969456968,188.89854431152344,41342300,0.0,0.0,186.72494659423828,192.57271187458204,180.8771813138945,58.966517951125034,0.685848577454992,False,False,False,False,False,False,False,True,0,0.004057462236492393,0.0,0.9807552579024954
2023-07-14 00:00:00-04:00,188.59124304090398,189.53305615859267,187.99642086899894,189.0472869873047,41573900,0.0,0.0,187.05904388427734,192.61426693219468,181.50382083636,60.24525440897966,0.6789525898310005,False,False,False,False,False,False,True,False,0,0.0007874209741709493,0.0,0.9807552579024954
2023-07-17 00:00:00-04:00,190.2468257033596,192.64599134916114,190.1576046603519,192.31883239746094,50520200,0.0,0.0,187.45460662841796,193.3321838841395,181.57702937269642,70.31684249104741,0.913795136789387,False,False,True,False,False,True,True,False,0,0.017305434329644376,0.0,0.9807552579024954
2023-07-18 00:00:00-04:00,191.6843647836334,192.65591819761897,190.76236853561463,192.0610809326172,48353800,0.0,0.0,187.8913116455078,193.77547731557152,182.0071459754441,64.9762177720321,0.8543212003974923,False,False,False,False,False,False,False,True,0,-0.0013402299797196093,-0.0,0.9807552579024954
2023-07-19 00:00:00-04:00,191.43649527350667,196.52229125160747,190.99035981508428,193.4192657470703,80507300,0.0,0.0,188.3914649963379,194.37371506088704,182.40921493178877,65.30608793141775,0.9202265616182781,False,False,False,False,False,False,True,False,0,0.007071629545444713,0.0,0.9807552579024954
2023-07-20 00:00:00-04:00,193.40936968617578,194.77748634801802,190.84168518874347,191.4662628173828,59581200,0.0,0.0,188.84601593017578,194.25783316445342,183.43419869589815,58.53431559168152,0.7420856778579644,False,False,False,True,False,False,False,True,0,-0.01009725128540917,-0.0,0.9807552579024954
2023-07-21 00:00:00-04:00,192.42787949536395,193.29037980606682,189.58259359421706,190.28648376464844,71917800,0.0,0.0,189.09088745117188,194.2828245903354,183.89895031200837,44.21648254021709,0.6151397138900243,False,False,False,False,False,False,False,True,0,-0.006161811670495898,-0.0,0.9807552579024954
2023-07-24 00:00:00-04:00,191.7438412670713,193.230919269526,190.5938306479448,191.0895233154297,45377800,0.0,0.0,189.3917724609375,194.29232097824013,184.49122394363485,50.86049959306558,0.6732204924099675,False,False,False,False,False,False,True,False,0,0.004220160753900304,0.0,0.9807552579024954
2023-07-25 00:00:00-04:00,191.66453127210508,192.7649696142135,191.25805964859208,191.9520263671875,37283200,0.0,0.0,189.80567626953126,194.0236357726534,185.58771676640913,56.90176151824373,0.7544299081187849,False,False,False,False,False,False,True,False,0,0.00451360721819416,0.0,0.9807552579024954
2023-07-26 00:00:00-04:00,192.0015807949404,193.95461096026835,191.65460503159764,192.82443237304688,47471900,0.0,0.0,190.12490158081056,194.23534104504674,186.01446211657438,57.916335632229725,0.8283749603569402,False,False,False,False,False,False,True,False,0,0.004544916885589556,0.0,0.9807552579024954
2023-07-27 00:00:00-04:00,194.33136299756583,195.50119046422063,190.89125457942112,191.55548095703125,47460200,0.0,0.0,190.32169189453126,194.30191938835256,186.34146440070995,57.40967398673676,0.6549897668431345,False,False,False,False,False,False,False,True,0,-0.006580864262888952,-0.0,0.9807552579024954
2023-07-28 00:00:00-04:00,192.99297950413737,194.9361013981904,192.46754649179775,194.1429901123047,48291400,0.0,0.0,190.63100509643556,194.79466404873818,186.46734614413293,70.41871211441914,0.9217426374375474,False,False,True,False,False,True,True,False,0,0.013507883681249888,0.0,0.9807552579024954
2023-07-31 00:00:00-04:00,194.37100498050742,194.7973085377491,193.57789369266726,194.7576446533203,38824100,0.0,0.0,190.75393676757812,195.2563555570863,186.25151797806996,73.55097883309168,0.9446174459683636,False,False,False,False,False,True,True,False,0,0.003165988844923362,0.0,0.9807552579024954
2023-08-01 00:00:00-04:00,194.54945856713078,195.0352276872512,193.59772201405482,193.9248809814453,35175100,0.0,0.0,190.91007919311522,195.63082614363051,186.18933224259993,67.25773278402056,0.8193140640593974,False,False,False,False,False,False,False,True,0,-0.004275897222711711,-0.0,0.9807552579024954
2023-08-02 00:00:00-04:00,193.35977399392826,193.49856732490423,190.19726772902345,190.9209747314453,50389300,0.0,0.0,190.97204055786133,195.6573014674165,186.28677964830618,55.31805962364082,0.49455037537910884,False,False,False,True,False,False,False,True,0,-0.015490050759847662,-0.0,0.9807552579024954
2023-08-03 00:00:00-04:00,189.91969553388512,190.71279169853844,189.04727159995883,189.52313232421875,61235200,0.0,0.0,190.94031524658203,195.657280953623,186.22334953954106,51.1741243107173,0.3497781189878203,False,False,False,False,False,False,False,True,0,-0.007321575899100652,-0.0,0.9807552579024954
2023-08-04 00:00:00-04:00,183.92179948550063,185.7657766923876,180.3528064633521,180.42221069335938,115799700,0.0,0.0,190.5095588684082,197.14256353580205,183.87655420101433,27.203611600864306,-0.260390553065311,True,False,False,True,True,False,False,True,0,-0.04802010983699001,-0.0,0.9807552579024954
2023-08-07 00:00:00-04:00,180.56102321579414,181.5524085909385,175.82220233279125,177.3092803955078,97576100,0.0,0.0,190.02576446533203,198.80527950241557,181.2462494282485,24.520520651372948,-0.2242133543886779,True,False,False,True,True,False,False,True,0,-0.01725358693859602,-0.0,0.9807552579024954
2023-08-08 00:00:00-04:00,178.14203038384454,178.71703568412062,176.05020675575068,178.25108337402344,67823000,0.0,0.0,189.6153305053711,199.75838179504086,179.47227921570135,23.4190111205354,-0.060198642735921314,True,False,False,False,True,False,False,True,0,0.005311639505923393,0.0,0.9807552579024954
2023-08-09 00:00:00-04:00,179.31185840559957,179.3713391045639,175.48511045638642,176.6549530029297,60378500,0.0,0.0,189.04131851196288,200.72015999358433,177.36247703034144,23.71564149416784,-0.030290848134429876,True,False,False,False,True,False,True,False,0,-0.008954393661353532,-0.0,0.9807552579024954
2023-08-10 00:00:00-04:00,177.93384562444598,179.1929093058464,176.07005137717866,176.43685913085938,54686900,0.0,0.0,188.4182342529297,201.3875518027753,175.44891670308408,24.553718864612122,0.03808767978647632,False,False,False,False,True,False,True,False,0,-0.0012345754724845115,-0.0,0.9807552579024954
2023-08-11 00:00:00-04:00,176.02983256684112,177.32036168980022,175.26543082107975,176.49639892578125,51988100,0.24,0.0,187.79068984985352,201.80439291645655,173.7769867832505,22.43455052212586,0.09702689323464994,False,False,False,False,True,False,False,True,0,0.0003374566698544079,0.0,0.9807552579024954
2023-08-14 00:00:00-04:00,176.6751020557822,178.38258864969947,176.01990054114177,178.15426635742188,43675600,0.0,0.0,187.08246154785155,201.55674535723153,172.60817773847157,24.697234254502305,0.19158421556430286,False,False,False,False,True,False,True,False,0,0.009393208256547991,0.0,0.9807552579024954
2023-08-15 00:00:00-04:00,177.5784931204611,178.17411849604412,175.7618061867858,176.1588897705078,43622600,0.0,0.0,186.2873519897461,201.34542918042695,171.22927479906525,20.647153518897255,0.16368673466800276,False,False,False,True,True,False,False,True,0,-0.011200273940736527,-0.0,0.9807552579024954
2023-08-16 00:00:00-04:00,175.84121662599503,177.24094603057796,175.2157956243564,175.28529357910156,46964900,0.0,0.0,185.38065338134766,200.80981967415195,169.95148708854336,20.938761382250107,0.172848175634925,False,False,False,False,True,False,True,False,0,-0.004959137699745542,-0.0,0.9807552579024954
2023-08-17 00:00:00-04:00,175.8511621348624,176.2184652373002,172.21778796969687,172.7340087890625,66062900,0.0,0.0,184.44404067993165,200.5759911902427,168.3120901696206,11.710478989133662,0.1370546796748336,False,False,False,True,True,False,False,True,0,-0.014555041885973896,-0.0,0.9807552579024954
2023-08-18 00:00:00-04:00,171.04636032936088,173.82599075554495,170.70883778094841,173.22042846679688,61114200,0.0,0.0,183.59073791503906,200.2192612679064,166.9622145621717,11.303636922918344,0.18817707898116,False,False,False,False,True,False,False,True,0,0.002816004104486236,0.0,0.9807552579024954
2023-08-21 00:00:00-04:00,173.79622123414413,174.8485063914746,172.47589631953025,174.56060791015625,46311900,0.0,0.0,182.7642921447754,199.4664080552336,166.0621762343172,15.83083874657315,0.2544118278606146,False,False,False,False,True,False,True,False,0,0.007736844061762893,0.0,0.9807552579024954
2023-08-22 00:00:00-04:00,175.77172944077836,176.38721354501158,174.96762533098521,175.94049072265625,42084200,0.0,0.0,181.96371536254884,198.34338538353168,165.584045341566,21.95912347215709,0.3161371800476853,False,False,False,False,True,False,True,False,0,0.007904892340946823,0.0,0.9807552579024954
2023-08-23 00:00:00-04:00,177.2211114741355,180.2290643006026,177.032491470534,179.80218505859375,52722800,0.0,0.0,181.31260299682617,196.89013503228108,165.73507096137126,33.34069014570673,0.4515193441812648,False,False,True,False,False,False,True,False,0,0.021948866460903993,0.0,0.9807552579024954
2023-08-24 00:00:00-04:00,179.35547499475715,179.78235426712118,174.72937670082027,175.09669494628906,54945800,0.0,0.0,180.48966369628906,195.51812110661865,165.46120628595946,39.25453247873617,0.32057477348629226,False,False,False,True,False,False,True,False,0,-0.026170372238642492,-0.0,0.9807552579024954
2023-08-25 00:00:00-04:00,176.08939374478845,177.84650437604776,174.54074667761984,177.31044006347656,51449600,0.0,0.0,179.64803619384764,193.27723419523454,166.01883819246075,50.00242800331232,0.4142430783479259,False,False,True,False,False,False,True,False,0,0.012642986310315907,0.0,0.9807552579024954
2023-08-28 00:00:00-04:00,178.77970406121776,179.27606617931616,177.25091540249335,178.8789825439453,43820700,0.0,0.0,178.8541030883789,190.48003609192045,167.22817008483736,51.28101679423913,0.5010699982340698,False,False,False,False,False,False,True,False,0,0.008846306398581083,0.0,0.9807552579024954
2023-08-29 00:00:00-04:00,178.39251118833664,183.55467328918405,178.19396940518234,182.7803497314453,53003900,0.0,0.0,178.2968765258789,187.7458870452198,168.847866006538,61.42240422667142,0.7372456457948333,False,False,True,False,False,False,True,False,0,0.0218100926783924,0.0,0.9807552579024954
2023-08-30 00:00:00-04:00,183.59439418869403,186.48322490340712,183.39585240180426,186.28466796875,60813900,0.0,0.0,178.06506118774413,186.36801232619393,169.76211004929434,66.35886459818269,0.9949810401112696,False,False,True,False,False,False,True,False,0,0.019172292002140878,0.0,0.9807552579024954
2023-08-31 00:00:00-04:00,186.47327124983738,187.7439567493299,186.1158900063697,186.5030517578125,60794500,0.0,0.0,177.91405715942383,185.41025247503106,170.4178618438166,66.53546801358348,1.0728902621111147,False,True,False,False,False,False,True,False,0,0.0011723122006968012,0.0,0.9807552579024954
2023-09-01 00:00:00-04:00,188.11129296200212,188.53815704908098,186.91009015003394,188.08151245117188,45732600,0.0,0.0,178.29702224731446,187.01565990991026,169.57838458471866,66.44741565602888,1.0611249476414348,False,True,False,False,False,False,False,True,0,0.008463457720837342,0.0,0.9807552579024954
2023-09-05 00:00:00-04:00,186.91008160149724,188.5977094450193,186.24495831042893,188.3197479248047,45280000,0.0,0.0,178.8475456237793,188.62924097855702,169.06585026900157,71.39369002457805,0.9841799891262629,False,False,False,False,False,True,True,False,0,0.0012666607713220923,0.0,0.9807552579024954
2023-09-06 00:00:00-04:00,187.02920802693,187.47594597496703,180.14963751857883,181.57916259765625,81755800,0.0,0.0,179.01394958496093,188.8659019704222,169.16199719949967,59.17778933816674,0.6301880537141483,False,False,False,True,False,False,False,True,0,-0.03579330049783158,-0.0,0.9807552579024954
2023-09-07 00:00:00-04:00,173.90537850075847,176.91334607803304,172.27731178924952,176.26806640625,112488800,0.0,0.0,178.99460525512694,188.8675572806922,169.12165322956167,54.76951438300761,0.361918763414591,False,False,False,True,False,False,False,True,0,-0.029249480587013155,-0.0,0.9807552579024954
2023-09-08 00:00:00-04:00,177.05235186894313,178.9285998393183,176.4964136407334,176.88357543945312,65551300,0.0,0.0,179.01694107055664,188.86752499067052,169.16635715044276,54.92656571162143,0.39171374771258977,False,False,False,False,False,False,True,False,0,0.0034918918993787074,0.0,0.9807552579024954
2023-09-11 00:00:00-04:00,178.75983344187836,178.98815574028976,176.04968578063105,178.05499267578125,58953100,0.0,0.0,179.09487075805663,188.8859759398124,169.30376557630086,54.721027919472384,0.4468967975028481,False,False,False,False,False,False,False,True,0,0.006622532552374327,0.0,0.9807552579024954
2023-09-12 00:00:00-04:00,178.18404991763566,178.81939272059032,173.5480302988034,175.0172576904297,90370200,0.0,0.0,178.93802032470703,188.8917281104935,168.98431253892056,48.80616151280183,0.3030501437928464,False,False,False,True,False,False,False,True,0,-0.01706065603497542,-0.0,0.9807552579024954
2023-09-13 00:00:00-04:00,175.22572770658326,176.00998823848755,172.7141369128852,172.94247436523438,84267900,0.0,0.0,178.77719955444337,189.01971319601878,168.53468591286796,40.699874966176324,0.21517122683999915,False,False,False,True,False,False,False,True,0,-0.011854735656212756,-0.0,0.9807552579024954
2023-09-14 00:00:00-04:00,172.73398888645488,174.81871550108795,172.3170465930817,174.46133422851562,60895800,0.0,0.0,178.73600158691406,189.04407198457795,168.42793118925016,49.05713355376348,0.2926543381306751,False,False,False,False,False,False,True,False,0,0.00878245710809944,0.0,0.9807552579024954
2023-09-15 00:00:00-04:00,175.19592350235882,175.2157822233053,172.5552892315787,173.7366180419922,109205100,0.0,0.0,178.78613204956054,188.98042513625984,168.59183896286123,44.45127793029402,0.2523362353512992,False,False,False,False,False,False,False,True,0,-0.004154021805050423,-0.0,0.9807552579024954
2023-09-18 00:00:00-04:00,175.19594549627539,178.07485448429676,174.8882034479176,176.67510986328125,67257600,0.0,0.0,178.95886611938477,188.86919854702873,169.0485336917408,46.71788385508722,0.384779028716878,False,False,True,False,False,False,True,False,0,0.01691348579479568,0.0,0.9807552579024954
2023-09-19 00:00:00-04:00,176.22837977645918,178.32302815377042,175.84121799808253,177.76710510253906,51826900,0.0,0.0,179.11919097900392,188.83170390397743,169.4066780540304,41.852247905453254,0.4303946421019284,False,False,False,False,False,False,False,True,0,0.006180809736599846,0.0,0.9807552579024954
2023-09-20 00:00:00-04:00,177.95572439538154,178.39252544188162,174.12380859804207,174.21316528320312,58436200,0.0,0.0,179.03282470703124,188.893934710836,169.17171470322648,30.41244107277265,0.25562287501262415,False,False,False,True,False,False,False,True,0,-0.01999211168616355,-0.0,0.9807552579024954
2023-09-21 00:00:00-04:00,173.27998896827123,175.01725608596104,172.59500693822505,172.66448974609375,63047900,0.0,0.0,178.67593994140626,188.92867790706669,168.42320197574583,28.474448667107822,0.20683683639205938,False,False,False,False,True,False,False,True,0,-0.008889543649538978,-0.0,0.9807552579024954
2023-09-22 00:00:00-04:00,173.3991274596328,175.7915963241489,172.7836433268308,173.51824951171875,56725400,0.0,0.0,178.59701766967774,188.9891171115693,168.20491822778618,26.824704437995123,0.25564282336031235,False,False,False,False,True,False,False,True,0,0.0049446169671625295,0.0,0.9807552579024954
2023-09-25 00:00:00-04:00,172.93253251615403,175.6823824720043,172.88289328236814,174.79885864257812,46172700,0.0,0.0,178.4714385986328,188.9889432991429,167.9539338981227,29.17439308540166,0.3254063078347588,False,False,False,False,True,False,True,False,0,0.007380256165925081,0.0,0.9807552579024954
2023-09-26 00:00:00-04:00,173.54802313417602,173.92524796713502,170.41101154694528,170.70883178710938,64588900,0.0,0.0,178.06293106079102,189.1338931130146,166.99196900856742,31.768295991163583,0.16786539241164788,False,False,False,True,False,False,True,False,0,-0.023398475752246628,-0.0,0.9807552579024954
2023-09-27 00:00:00-04:00,171.36404026565756,171.7809825966186,167.82002287860425,169.18997192382812,66921800,0.0,0.0,177.38341217041017,188.89477863648895,165.87204570433138,36.39841755189696,0.14411521991215673,False,False,False,False,False,False,True,False,0,-0.008897371315711555,-0.0,0.9807552579024954
2023-09-28 00:00:00-04:00,168.1078907839796,170.77832096236608,166.40040416763804,169.4480743408203,56294400,0.0,0.0,176.54158248901368,187.771182355676,165.31198262235137,35.51260775022699,0.1841602446917054,False,False,False,False,False,False,False,True,0,0.001525518410206983,0.0,0.9807552579024954
2023-09-29 00:00:00-04:00,170.76841383641792,171.81077723148027,169.10062937476448,169.9643096923828,51814200,0.0,0.0,175.7146453857422,186.27122712444532,165.15806364703906,33.82302780311744,0.22764215559108622,False,False,False,False,False,False,False,True,0,0.0030465695970327555,0.0,0.9807552579024954
2023-10-02 00:00:00-04:00,169.9742035727841,173.03179529398386,169.6863051315917,172.4857940673828,52164500,0.0,0.0,174.93485946655272,183.81619997413105,166.0535189589744,44.831752036744895,0.36212298711663204,False,False,True,False,False,False,True,False,0,0.01483537561246595,0.0,0.9807552579024954
2023-10-03 00:00:00-04:00,171.0066338674304,172.36667607241205,169.5771240058018,171.14561462402344,49594600,0.0,0.0,174.07615280151367,180.48547312774286,167.66683247528448,46.21808257470603,0.2713846376582676,False,False,False,False,False,False,True,False,0,-0.007769796061209644,-0.0,0.9807552579024954
2023-10-04 00:00:00-04:00,169.8451609338146,172.94247039530038,169.7260388902924,172.39646911621094,53020300,0.0,0.0,173.6170181274414,178.9960647415187,168.23797151336413,45.604412380912166,0.38654597191663803,False,False,False,False,False,False,False,True,0,0.007308714832894747,0.0,0.9807552579024954
2023-10-05 00:00:00-04:00,172.5254984313363,174.17342391765436,171.42357417816774,173.63735961914062,48527900,0.0,0.0,173.48548278808593,178.71824401253977,168.2527215636321,49.79324697911747,0.5145121117264954,False,False,False,False,False,False,True,False,0,0.0071978881545027296,0.0,0.9807552579024954
2023-10-06 00:00:00-04:00,172.53545399514545,176.69497045530053,171.91995474415313,176.1986083984375,57224100,0.0,0.0,173.45123443603515,178.59862131668396,168.30384755538634,48.991610749091,0.7668707468570978,False,False,True,False,False,False,False,True,0,0.014750562810415646,0.0,0.9807552579024954
2023-10-09 00:00:00-04:00,175.5235669462164,177.7472746526145,174.52092093703254,177.68771362304688,42390800,0.0,0.0,173.43287048339843,178.51328658420692,168.35245438258994,49.834766122450276,0.9187494739821933,False,False,False,False,False,False,True,False,0,0.008451288226079878,0.0,0.9807552579024954
2023-10-10 00:00:00-04:00,176.8041729428218,178.4123811800482,176.65525523522464,177.09205627441406,43698000,0.0,0.0,173.53661041259767,178.83337407634542,168.2398467488499,56.8331279820305,0.8356243630568859,False,False,False,False,False,False,True,False,0,-0.0033522708829292203,-0.0,0.9807552579024954
2023-10-11 00:00:00-04:00,176.90342620076967,178.54143000452555,176.30780084757703,178.49179077148438,47551100,0.0,0.0,173.81407623291017,179.54351396298043,168.0846385028399,63.92974905164867,0.908217591232713,False,False,False,False,False,False,True,False,0,0.007903993699758916,0.0,0.9807552579024954
2023-10-12 00:00:00-04:00,178.759844529376,181.01331743803624,177.73732472140046,179.3951873779297,56743100,0.0,0.0,174.06076889038087,180.30894138434823,167.8125963964135,64.01514352066478,0.9268782986304575,False,False,False,False,False,False,True,False,0,0.005061278182826312,0.0,0.9807552579024954
2023-10-13 00:00:00-04:00,180.10001451689263,180.60629838312414,176.84388049788197,177.54872131347656,51427100,0.0,0.0,174.2513740539551,180.68766122263108,167.8150868852791,56.385453715691675,0.7561529009744116,False,False,False,True,False,False,False,True,0,-0.010292729094026343,-0.0,0.9807552579024954
2023-10-16 00:00:00-04:00,175.46397958471027,177.7770284883398,175.22572035442593,177.41964721679688,52517000,0.0,0.0,174.28860092163086,180.7921749548486,167.7850268884131,69.09596787639637,0.7407173562700939,False,False,False,False,False,False,True,False,0,-0.0007269784638538335,-0.0,0.9807552579024954
2023-10-17 00:00:00-04:00,175.3646914585386,177.12181720914745,173.52816111664285,175.86105346679688,57549400,0.0,0.0,174.19329833984375,180.53612223783867,167.85047444184883,68.94007395880627,0.6314678724944841,False,False,False,False,False,False,False,True,0,-0.008784786659481347,-0.0,0.9807552579024954
2023-10-18 00:00:00-04:00,174.3025050887744,176.2879533547619,173.8359235344459,174.56060791015625,54764400,0.0,0.0,174.2106704711914,180.55562631377654,167.86571462860627,63.70405090689565,0.5275760342267621,False,False,False,False,False,False,False,True,0,-0.007394733120293484,-0.0,0.9807552579024954
2023-10-19 00:00:00-04:00,174.75913147519677,176.5460377577175,173.9153251388443,174.18336486816406,59302900,0.0,0.0,174.28661422729493,180.5898703405674,167.98335811402248,61.39399913298466,0.49180983944841905,False,False,False,False,False,False,False,True,0,-0.002161100642971814,-0.0,0.9807552579024954
2023-10-20 00:00:00-04:00,174.03445888939677,174.14365914589465,171.38388737014972,171.6221466064453,64189300,0.0,0.0,174.19180908203126,180.59989068666314,167.78372747739937,47.672624637940984,0.2994983027581499,False,False,False,True,False,False,False,True,0,-0.014704149639417574,-0.0,0.9807552579024954
2023-10-23 00:00:00-04:00,169.66648220683237,172.7439178760632,168.69360166729962,171.74127197265625,55980100,0.0,0.0,174.03892974853517,180.53136831300083,167.5464911840695,51.718270083164676,0.32305125007617075,False,False,False,False,False,False,True,False,0,0.0006941141837837339,0.0,0.9807552579024954
2023-10-24 00:00:00-04:00,171.79089305137515,172.40637709061713,170.2025285754243,172.1780548095703,43816600,0.0,0.0,174.1123908996582,180.47819138646602,167.7465904128504,49.33889900867181,0.3480681185267647,False,False,False,False,False,False,False,True,0,0.0025432607543725005,0.0,0.9807552579024954
2023-10-25 00:00:00-04:00,170.62942613878033,171.80083332633419,169.4083645680371,169.8551025390625,57157000,0.0,0.0,174.14564743041993,180.4093003230115,167.88199453782835,39.25558863356977,0.15750457720668656,False,False,False,True,False,False,False,True,0,-0.013491569951101012,-0.0,0.9807552579024954
2023-10-26 00:00:00-04:00,169.13038017633548,170.13304109397222,164.46458048468762,165.6757049560547,70625300,0.0,0.0,173.95702896118163,180.99556342216755,166.91849450019572,22.623970961034473,-0.08828468135161695,True,False,False,True,True,False,False,True,0,-0.024605664007336214,-0.0,0.9807552579024954
2023-10-27 00:00:00-04:00,165.6955969766749,167.7306845808466,165.6161772243234,166.99606323242188,58499100,0.0,0.0,173.8086166381836,181.31149057622247,166.30574270014472,21.93858180682264,0.04600374056515161,False,False,False,False,True,False,False,True,0,0.007969534680521972,0.0,0.9807552579024954
2023-10-30 00:00:00-04:00,167.79021577395145,169.92456632823416,167.6412980843576,169.05096435546875,51131000,0.0,0.0,173.6368751525879,181.41928176521034,165.85446853996544,30.39684612196949,0.2053667955564572,False,False,True,False,False,False,True,False,0,0.012305087217456823,0.0,0.9807552579024954
2023-10-31 00:00:00-04:00,168.11782995408234,169.6565401685357,166.67836791176023,169.52749633789062,44846000,0.0,0.0,173.55596923828125,181.4797841107435,165.632154365819,27.116124709805078,0.24579965804155576,False,False,False,False,True,False,False,True,0,0.002818865803213333,0.0,0.9807552579024954
2023-11-01 00:00:00-04:00,169.75580166398598,172.96229589848681,168.88219970872248,172.70419311523438,56934900,0.0,0.0,173.57135543823242,181.48688112094163,165.6558297555232,34.695655390921274,0.4452239587263116,False,False,True,False,False,False,True,False,0,0.01873853413733051,0.0,0.9807552579024954
2023-11-02 00:00:00-04:00,174.2429278242073,176.48647870246754,174.18336680542194,176.27801513671875,77334800,0.0,0.0,173.70338821411133,181.71110613007903,165.69567029814363,47.30635842637535,0.6607590920175594,False,False,True,False,False,False,True,False,0,0.020693313561297222,0.0,0.9807552579024954
2023-11-03 00:00:00-04:00,172.97223177840408,175.53346146527645,172.08870804185926,175.36468505859375,79763700,0.0,0.0,173.66169204711915,181.62325572034587,165.70012837389243,45.784070162609154,0.6069509132484525,False,False,False,False,False,False,False,True,0,-0.005181191071482405,-0.0,0.9807552579024954
2023-11-06 00:00:00-05:00,175.09667927913767,178.1244756256995,174.92791800211177,177.92593383789062,63841300,0.0,0.0,173.67360305786133,181.66119774831785,165.6860083674048,54.06888149357092,0.7661834347397428,False,False,True,False,False,False,True,False,0,0.014605271172135392,0.0,0.9807552579024954
2023-11-07 00:00:00-05:00,177.87627966042598,181.11256960611928,177.66781610245852,180.49708557128906,70530000,0.0,0.0,173.84385452270507,182.27128226852042,165.41642677688972,61.14004710824876,0.8947367600919308,False,False,True,False,False,False,True,False,0,0.014450685619225245,0.0,0.9807552579024954
2023-11-08 00:00:00-05:00,181.02323134779837,182.1152186825965,180.26875139702054,181.55929565429688,49340300,0.0,0.0,173.9972297668457,182.8801708234765,165.11428871021488,63.49433666037438,0.9256510225184011,False,False,False,False,False,False,True,False,0,0.005884915424788195,0.0,0.9807552579024954
2023-11-09 00:00:00-05:00,181.62879543623518,182.78034380026955,180.48715371155149,181.08279418945312,53763500,0.0,0.0,174.08161010742188,183.20914421383037,164.9540760010134,68.73765833744848,0.8835200175869886,False,False,False,False,False,False,True,False,0,-0.0026244950065847927,-0.0,0.9807552579024954
2023-11-10 00:00:00-05:00,182.87206148972973,185.4565506612299,182.43468499907056,185.2875518798828,66133400,0.24,0.0,174.4685516357422,184.79265955508058,164.1444437164038,73.09236801540725,1.0239678008341642,False,True,True,False,False,True,True,False,0,0.023220083991141394,0.0,0.9807552579024954
2023-11-13 00:00:00-05:00,184.7110299042217,184.91976812620925,183.11063780884533,183.69711303710938,43627500,0.0,0.0,174.7824249267578,185.83994222802548,163.72490762549015,68.8934282835432,0.9031053204560465,False,False,False,False,False,False,False,True,0,-0.008583624893508612,-0.0,0.9807552579024954
2023-11-14 00:00:00-05:00,186.579792942837,186.987349680322,185.18815428767326,186.32135009765625,60108400,0.0,0.0,175.3054397583008,187.50801702200454,163.10286249459705,76.74343911766863,0.9513763814518922,False,False,True,False,False,True,True,False,0,0.014285673939888,0.0,0.9807552579024954
2023-11-15 00:00:00-05:00,186.72890587030213,188.36905250310778,186.65931635404164,186.887939453125,53790500,0.0,0.0,175.92180633544922,189.16678636534976,162.67682630554867,89.03214575512622,0.9139731842901889,False,False,False,False,False,True,True,False,0,0.003040925557762364,0.0,0.9807552579024954
2023-11-16 00:00:00-05:00,188.43864070160558,189.82034448090351,187.52411797622008,188.5778045654297,54412900,0.0,0.0,176.6415283203125,191.00582780653053,162.27722883409444,89.17929032011439,0.9154841054577554,False,False,False,False,False,True,True,False,0,0.009042130365659817,0.0,0.9807552579024954
2023-11-17 00:00:00-05:00,189.11456252266416,189.24379151892643,187.44459626814825,188.5579071044922,50922700,0.0,0.0,177.48831634521486,192.58482772383303,162.39180496659668,88.23799311456679,0.8666274439721107,False,False,False,False,False,True,False,True,0,-0.00010551327068075711,-0.0,0.9807552579024954
2023-11-20 00:00:00-05:00,188.75671623264228,190.76466491067268,188.7467813740569,190.30740356445312,46505100,0.0,0.0,178.4166229248047,194.28856129395916,162.54468455565024,88.79708501655205,0.8745850180075352,False,False,False,False,False,True,True,False,0,0.009278298040248378,0.0,0.9807552579024954
2023-11-21 00:00:00-05:00,190.26765186097265,190.37699597796984,188.60762038854105,189.5022430419922,38134500,0.0,0.0,179.28283233642577,195.6057409873867,162.95992368546484,84.40995493386362,0.8130388990127934,False,False,False,False,False,True,False,True,0,-0.00423084182422917,-0.0,0.9807552579024954
2023-11-22 00:00:00-05:00,190.3471923134316,191.77858564632436,189.69112755602794,190.1682586669922,39617700,0.0,0.0,180.29849014282226,196.6792015154823,163.91777877016222,82.30153936993065,0.8012619018684043,False,False,False,False,False,True,False,True,0,0.003514552726705311,0.0,0.9807552579024954
2023-11-24 00:00:00-05:00,189.73086532541635,189.76068506922263,188.1205384889839,188.83624267578125,24048300,0.0,0.0,181.4565170288086,196.72122310749126,166.19181095012596,80.72949805154394,0.7417251144219057,False,False,False,False,False,True,False,True,0,-0.007004407573313554,-0.0,0.9807552579024954
2023-11-27 00:00:00-05:00,188.78653185384877,189.53205575999598,187.77261509452617,188.6573028564453,40552600,0.0,0.0,182.53957901000976,196.50260969340852,168.576548326611,77.46382952135865,0.7190686243248458,False,False,False,False,False,True,False,True,0,-0.0009475925638022797,-0.0,0.9807552579024954
2023-11-28 00:00:00-05:00,188.64736172795114,189.93960615586684,188.2696247743869,189.26365661621094,38415400,0.0,0.0,183.5502136230469,196.27344079390028,170.8269864521935,74.944035844846,0.7245280586615837,False,False,False,False,False,True,False,True,0,0.0032140487041045773,0.0,0.9807552579024954
2023-11-29 00:00:00-05:00,189.76069003248776,190.9435904601538,187.84221568139642,188.2398223876953,43014200,0.0,0.0,184.4858299255371,195.5052452676718,173.4664145834024,69.050095073165,0.6703353737745119,False,False,False,False,False,False,False,True,0,-0.005409565929457627,-0.0,0.9807552579024954
2023-11-30 00:00:00-05:00,188.70701635554832,189.1841625986753,187.06686975200412,188.8163604736328,48794400,0.0,0.0,185.29143829345702,194.95686366150932,175.62601292540472,71.9278237491466,0.6823469762555369,False,False,False,False,False,True,True,False,0,0.0030627849018582953,0.0,0.9807552579024954
2023-12-01 00:00:00-05:00,189.19410585978827,190.41676093068807,188.1006646303825,190.0986785888672,45679300,0.0,0.0,185.98247146606445,194.88030504252208,177.08463788960682,66.35136172322449,0.7313038947870197,False,False,False,False,False,False,False,True,0,0.006791350664835161,0.0,0.9807552579024954
2023-12-04 00:00:00-05:00,188.84617430866663,188.91576382150808,186.33127483914026,188.29945373535156,43389500,0.0,0.0,186.62920989990235,194.03233808350504,179.22608171629966,65.4228909144646,0.6128066267411568,False,False,False,False,False,False,False,True,0,-0.00946468890195118,-0.0,0.9807552579024954
2023-12-05 00:00:00-05:00,189.07482149235318,193.23980256929687,189.0449865799245,192.26565551757812,66628400,0.0,0.0,187.34619598388673,193.93280251988762,180.75958944788584,68.27616684931918,0.8734441633034213,False,False,True,False,False,False,True,False,0,0.02106326759609689,0.0,0.9807552579024954
2023-12-06 00:00:00-05:00,193.28950362567244,193.5976510937421,190.9634725753497,191.17222595214844,41089700,0.0,0.0,187.87995300292968,193.82888201139656,181.9310239944628,62.7589854794543,0.7767114000295677,False,False,False,False,False,False,False,True,0,-0.005687076885812936,-0.0,0.9807552579024954
2023-12-07 00:00:00-05:00,192.4744158469115,193.83623479668313,192.43464607405332,193.110595703125,47477700,0.0,0.0,188.4575180053711,194.0552361447809,182.8597998659613,63.3021640012574,0.9156227217832458,False,False,True,False,False,False,True,False,0,0.01013938997321584,0.0,0.9807552579024954
2023-12-08 00:00:00-05:00,193.0409791518531,194.82030462884575,192.5141434931892,194.54197692871094,53377300,0.0,0.0,189.13047714233397,194.20705366754663,184.05390061712131,66.21762446530123,1.032987118336631,False,True,False,False,False,False,True,False,0,0.007412235565708913,0.0,0.9807552579024954
2023-12-11 00:00:00-05:00,191.957494748212,192.3352317119437,190.27757846347603,192.02706909179688,60943700,0.0,0.0,189.4674530029297,194.36140963091884,184.57349637494053,54.47487163034622,0.7615078435951415,False,False,False,True,False,False,False,True,0,-0.012927327441704994,-0.0,0.9807552579024954
2023-12-12 00:00:00-05:00,191.92769665062553,193.5579084922386,190.5758125501861,193.5479736328125,52696900,0.0,0.0,189.95999603271486,194.36736324013583,185.55262882529388,60.1496293335967,0.9070431882844173,False,False,False,False,False,False,True,False,0,0.007920261180930588,0.0,0.9807552579024954
2023-12-13 00:00:00-05:00,193.925682544677,196.8183190559037,193.68712459255818,196.778564453125,70404200,0.0,0.0,190.48285675048828,195.51022755103213,185.45548594994443,64.69282671056746,1.1261431623420002,False,True,True,False,False,False,True,False,0,0.016691421561671138,0.0,0.9807552579024954
2023-12-14 00:00:00-05:00,196.83821410318075,198.4286561477334,194.9893140401918,196.92767333984375,66831600,0.0,0.0,190.9848434448242,196.4836679930728,185.48601889657562,68.98318190605065,1.040372750837483,False,True,False,False,False,False,True,False,0,0.0007577496417516816,0.0,0.9807552579024954
2023-12-15 00:00:00-05:00,196.35111463057538,197.21591750628332,195.82427895138287,196.39088439941406,128256700,0.0,0.0,191.37549743652343,197.25150254239654,185.49949233065033,67.84402061173303,0.9267684313171988,False,False,False,False,False,False,False,True,0,-0.0027258177143205664,-0.0,0.9807552579024954
2023-12-18 00:00:00-05:00,194.9197048287757,195.45649052996882,193.2298536912898,194.7209014892578,55751900,0.0,0.0,191.68364715576172,197.5838542712652,185.78344004025823,62.00260694235999,0.7573853997019315,False,False,False,False,False,False,False,True,0,-0.008503362644672885,-0.0,0.9807552579024954
2023-12-19 00:00:00-05:00,194.98931995291727,195.77459855586707,194.72092706706565,195.76466369628906,40714100,0.0,0.0,191.9565101623535,198.08892059600058,185.82409972870644,66.53556191296254,0.8104940198589062,False,False,False,False,False,False,True,False,0,0.005360298761192928,0.0,0.9807552579024954
2023-12-20 00:00:00-05:00,195.72488988877126,196.50023361616374,193.66725158691406,193.66725158691406,52242800,0.0,0.0,192.1647605895996,198.2287443160827,186.10077686311652,59.99179053157879,0.6238864635101724,False,False,False,True,False,False,False,True,0,-0.010713946377109984,-0.0,0.9807552579024954
2023-12-21 00:00:00-05:00,194.9296507492267,195.90379770975298,192.34516188676014,193.5181121826172,46482500,0.0,0.0,192.33225326538087,198.34891404927325,186.3155924814885,57.38819265954627,0.5985479288121962,False,False,False,False,False,False,False,True,0,-0.000770080656769867,-0.0,0.9807552579024954
2023-12-22 00:00:00-05:00,194.01515250091973,194.24379077463595,191.8183503425399,192.44459533691406,37122800,0.0,0.0,192.5126708984375,198.299961937241,186.72537985963402,59.24615152121616,0.49411852963096203,False,False,False,False,False,False,True,False,0,-0.005547371424800218,-0.0,0.9807552579024954
2023-12-26 00:00:00-05:00,192.4545436986589,192.7328714561915,191.6791999215717,191.89788818359375,28919300,0.0,0.0,192.67470016479493,198.18219799825127,187.1672023313386,49.03198754620771,0.42947686910721183,False,False,False,False,False,False,False,True,0,-0.002840854804798121,-0.0,0.9807552579024954
2023-12-27 00:00:00-05:00,191.34121910492223,192.34518593287333,189.94956524818429,191.9972686767578,48087700,0.0,0.0,192.81138076782227,198.09351734544265,187.5292441902019,52.29153669849192,0.4229372358039993,False,False,False,False,False,False,True,False,0,0.0005178821617306539,0.0,0.9807552579024954
2023-12-28 00:00:00-05:00,192.98135331561093,193.49825415286705,192.01714115491455,192.42469787597656,34049900,0.0,0.0,193.02062454223633,197.85262992107462,188.18861916339804,47.9203889873283,0.4383354715549754,False,False,False,False,False,False,False,True,0,0.002226225415416616,0.0,0.9807552579024954
2023-12-29 00:00:00-05:00,192.7427850763616,193.23980104114617,190.58573760932344,191.38096618652344,42628800,0.0,0.0,193.14885482788085,197.63481172168574,188.66289793407597,40.18524660065381,0.3029530061023463,False,False,False,False,False,False,False,True,0,-0.005424104602860469,-0.0,0.9807552579024954
2024-01-02 00:00:00-05:00,186.03307200647276,187.31538170646215,182.79253333369908,184.53208923339844,82488700,0.0,0.0,192.87052536010742,198.6558756851358,187.08517503507903,31.663507247004404,-0.22065092503002978,True,False,False,True,False,False,False,True,0,-0.03578661498892188,-0.0,0.9807552579024954
2024-01-03 00:00:00-05:00,183.1205708792931,184.77066759112085,182.3352771284137,183.150390625,58414500,0.0,0.0,192.61307220458986,199.59039642772387,185.63574798145584,24.387825519560877,-0.17810247001389043,True,False,False,False,True,False,False,True,0,-0.007487579066266625,-0.0,0.9807552579024954
2024-01-04 00:00:00-05:00,181.06291404030495,181.99730650228184,179.80050438167336,180.82435607910156,71983600,0.0,0.0,192.041007232666,200.7895706171174,183.29244384821462,8.867272971894849,-0.14105674615671918,True,False,False,True,True,False,False,True,0,-0.012700134233734617,-0.0,0.9807552579024954
2024-01-05 00:00:00-05:00,180.90387243418792,181.6692660827433,179.09472708075188,180.09869384765625,62303300,0.0,0.0,191.4873306274414,201.73977966523697,181.23488158964582,7.864607927186142,-0.05541055302011385,True,False,False,False,True,False,False,True,0,-0.004013077923683439,-0.0,0.9807552579024954
2024-01-08 00:00:00-05:00,181.0032684531674,184.49233019548157,180.41679326133186,184.4525604248047,59144500,0.0,0.0,191.0544288635254,201.7402808193029,180.3685769077479,24.905992489662694,0.19109302346495222,False,False,True,False,True,False,True,False,1,0.024174892577684792,0.0,0.9807552579024954
2024-01-09 00:00:00-05:00,182.82234457021028,184.04499955584959,181.63944418662982,184.03506469726562,42841800,0.0,0.0,190.52908325195312,201.52170301210327,179.53646349180298,26.290276164906714,0.2046191582906713,False,False,False,False,True,False,True,False,0,-0.002263431456725473,-0.002263431456725473,0.97853538560041
2024-01-10 00:00:00-05:00,183.2497813853363,185.28753458558947,182.8223397938252,185.07879638671875,46792900,0.0,0.0,190.18166961669922,201.41158046900674,178.9517587643917,26.29017634356761,0.27279992258656527,False,False,False,False,True,False,False,True,0,0.005671374045864708,0.0,0.97853538560041
2024-01-11 00:00:00-05:00,185.42670336710847,185.93366934185158,182.524132048394,184.4823760986328,49128400,0.0,0.0,189.72838973999023,201.1169107868003,178.33986869318016,28.16627782807531,0.2696797670305561,False,False,False,False,True,False,True,False,0,-0.003222520892343206,-0.0,0.97853538560041
2024-01-12 00:00:00-05:00,184.94955813530052,185.62550766060176,184.08475530494994,184.81039428710938,40444700,0.0,0.0,189.12998123168944,200.2123267576289,178.04763570575,29.47509939310322,0.3051140467300176,False,False,False,False,True,False,True,False,0,0.0017780462037262357,0.0,0.97853538560041
2024-01-16 00:00:00-05:00,181.07284484780743,183.16030262539027,179.85017475552078,182.53407287597656,65603000,0.0,0.0,188.4103012084961,199.2267656011679,177.5938368158243,27.893471403267768,0.22836649208124338,False,False,False,True,True,False,False,True,0,-0.012317063766426828,-0.0,0.97853538560041
2024-01-17 00:00:00-05:00,180.18817865322478,181.83826018866833,179.2239664331644,181.58975219726562,47317400,0.0,0.0,187.67024459838868,198.2094649762701,177.13102422050724,27.40730881188331,0.21153025636108122,False,False,False,False,True,False,False,True,0,-0.005173394007115362,-0.0,0.97853538560041
2024-01-18 00:00:00-05:00,184.97940747954695,188.01120805146246,184.72096462518135,187.50425720214844,78005800,0.0,0.0,187.3094123840332,197.31276793482598,177.30605683324043,42.15279835750667,0.5097389729439231,False,False,True,False,False,False,True,False,0,0.032570698144120724,0.0,0.97853538560041
2024-01-19 00:00:00-05:00,188.20007624137466,190.8044351704297,187.693125392904,190.41676330566406,68741000,0.0,0.0,187.04201736450196,196.35588008148514,177.72815464751878,46.77317788717598,0.6811679022822877,False,False,True,False,False,False,True,False,0,0.015533013207138291,0.0,0.97853538560041
2024-01-22 00:00:00-05:00,191.15234200232317,194.16425751836653,191.11257223144145,192.73284912109375,60133900,0.0,0.0,186.99529724121095,196.17767585815068,177.81291862427122,52.08717034666576,0.8124218745074461,False,False,True,False,False,False,True,False,0,0.01216324537410518,0.0,0.97853538560041
2024-01-23 00:00:00-05:00,193.8561031440579,194.58174217570732,192.6732027698961,194.01513671875,42355600,0.0,0.0,187.02014846801757,196.27922703896402,177.7610698970711,67.67974865826092,0.8777367368218266,False,False,False,False,False,False,True,False,0,0.006653186540352518,0.0,0.97853538560041
2024-01-24 00:00:00-05:00,194.25371040083746,195.20798769039715,193.18015413797895,193.33920288085938,53631300,0.0,0.0,187.06487884521485,196.44218464867515,177.68757304175455,69.50893853638698,0.8345483322794724,False,False,False,False,False,False,True,False,0,-0.0034839232099218576,-0.0,0.97853538560041
2024-01-25 00:00:00-05:00,194.0549212884663,195.0986578845498,191.95751323703675,193.0111846923828,54822100,0.0,0.0,187.12054367065429,196.63091980060648,177.6101675407021,75.2679680994576,0.8096954810849389,False,False,False,False,False,True,True,False,0,-0.001696594294322673,-0.0,0.97853538560041
2024-01-26 00:00:00-05:00,193.11058683739938,193.59765277461963,190.79449062577763,191.27162170410156,44594000,0.0,0.0,187.0842613220215,196.52155722164173,177.64696542240125,72.23107746321938,0.7218517055425047,False,False,False,False,False,True,False,True,0,-0.009012757426745677,-0.0,0.97853538560041
2024-01-29 00:00:00-05:00,190.8640821459055,191.05295065599338,188.44859162482356,190.58575439453125,47145600,0.0,0.0,186.99231414794923,196.2445484329242,177.74007986297426,64.28911184217543,0.6941931070864436,False,False,False,False,False,False,False,True,0,-0.003585828903732269,-0.0,0.97853538560041
2024-01-30 00:00:00-05:00,189.80045678886228,190.65532484477694,186.35116482109103,186.91775512695312,55859400,0.0,0.0,186.7691535949707,195.78805207116045,177.75025511878096,55.8326716056457,0.5082383415433013,False,False,False,True,False,False,False,True,0,-0.01924592569487127,-0.0,0.97853538560041
2024-01-31 00:00:00-05:00,185.92372797618197,185.98338263365994,183.24979478995033,183.2994842529297,55467800,0.0,0.0,186.70752334594727,195.80727115993724,177.6077755319573,46.73952857110103,0.31273991528764955,False,False,False,True,False,False,False,True,0,-0.01935755579541354,-0.0,0.97853538560041
2024-02-01 00:00:00-05:00,182.8919451500293,185.83427124755644,182.72296153753896,185.74481201171875,64885400,0.0,0.0,186.8372444152832,195.79636523238818,177.87812359817823,52.166526220636605,0.4390323880062673,False,False,True,False,False,False,True,False,0,0.01334061450721169,0.0,0.97853538560041
2024-02-02 00:00:00-05:00,178.78658786144558,186.21200777158808,178.18022776276848,184.7408447265625,102518000,0.0,0.0,187.03306884765624,195.60150405416599,178.4646336411465,49.88334906423326,0.3662402138868802,False,False,False,False,False,False,False,True,0,-0.005405089241969807,-0.0,0.97853538560041
2024-02-05 00:00:00-05:00,187.02710222804,188.120543422021,184.73089088840356,186.55990600585938,69668800,0.0,0.0,187.35612945556642,195.28723878628765,179.4250201248452,56.857451038999855,0.4498037779770061,False,False,False,False,False,False,True,False,0,0.009846557116209409,0.0,0.97853538560041
2024-02-06 00:00:00-05:00,185.74480203892318,188.180177168222,185.65534280788862,188.1702423095703,43490800,0.0,0.0,187.5420135498047,195.36004750602805,179.72397959358133,60.96027545361251,0.5401781805555815,False,False,False,False,False,False,True,False,0,0.008631738395388888,0.0,0.97853538560041
2024-02-07 00:00:00-05:00,189.5022417883465,189.9097985097057,187.48435823433906,188.2795867919922,53439000,0.0,0.0,187.754239654541,195.3999799424161,180.1084993666659,51.60095681840237,0.5343555442423471,False,False,False,False,False,False,False,True,0,0.0005810933816090547,0.0,0.97853538560041
2024-02-08 00:00:00-05:00,188.25971226684047,188.40881099372643,186.23189374257132,187.19610595703125,40962000,0.0,0.0,187.86010513305663,195.40787236184556,180.3123379042677,42.806390199712496,0.4560135364606411,False,False,False,False,False,False,False,True,0,-0.005754637841636767,-0.0,0.97853538560041
2024-02-09 00:00:00-05:00,187.76339117385248,189.09710508715864,187.11645206865865,187.96246337890625,45155200,0.24,0.0,188.03410949707032,195.41256499900283,180.6556539951378,38.552438088430875,0.49514491087292567,False,False,False,False,False,False,False,True,0,0.004093874805552344,0.0,0.97853538560041
2024-02-12 00:00:00-05:00,187.53449778464588,187.78332288230948,185.91215328801408,186.2704620361328,41781900,0.0,0.0,188.10711288452148,195.3793984051082,180.83482736393478,31.773401314471172,0.37372258396693864,False,False,False,False,False,False,False,True,0,-0.009001804468600771,-0.0,0.97853538560041
2024-02-13 00:00:00-05:00,184.89694454758455,185.33487911795885,182.64755610649428,184.1703643798828,56529500,0.0,0.0,188.1889274597168,195.23037603450499,181.14747888492863,29.777320972671788,0.21464940507962998,False,False,False,True,True,False,False,True,0,-0.011274453465641932,-0.0,0.97853538560041
2024-02-14 00:00:00-05:00,184.44906062504626,184.65806518525375,181.58259087415234,183.2845458984375,54630500,0.0,0.0,188.2736671447754,195.01512909333908,181.53220519621172,29.062228811939264,0.12996741030327472,False,False,False,False,True,False,False,True,0,-0.004809777536293303,-0.0,0.97853538560041
2024-02-15 00:00:00-05:00,182.68738521978767,183.62296999377594,180.4977274519665,182.9959259033203,65434500,0.0,0.0,188.048250579834,195.1877777220063,180.90872343766168,30.99860701202678,0.14617231814483803,False,False,False,False,False,False,True,False,0,-0.0015747099336848036,-0.0,0.97853538560041
2024-02-16 00:00:00-05:00,182.5579699194549,183.981257173353,180.81619448303394,181.45318603515625,49701400,0.0,0.0,187.6000717163086,195.2225974071038,179.97754602551342,29.825039236730973,0.09679468915564202,False,False,False,False,True,False,False,True,0,-0.00843046018947502,-0.0,0.97853538560041
2024-02-20 00:00:00-05:00,180.93564089848354,181.5726325042779,179.15405998428736,180.70672607421875,53665600,0.0,0.0,186.99876556396484,194.81144343272445,179.18608769520523,34.245470407280166,0.09731864058379165,False,False,False,False,False,False,True,False,0,-0.004113788119393336,-0.0,0.97853538560041
2024-02-21 00:00:00-05:00,181.08496152111414,182.03049388623003,179.81097819372195,181.4631805419922,41529700,0.0,0.0,186.37116775512695,193.8187509123159,178.923584597938,44.551049275278324,0.17049799179501496,False,False,False,False,False,False,True,False,0,0.004186089163403572,0.0,0.97853538560041
2024-02-22 00:00:00-05:00,182.6177232415446,184.09077884972692,181.60252771208349,183.5035400390625,52292200,0.0,0.0,185.8793846130371,192.65858830362902,179.1001809224452,43.18559289480081,0.3247696423938575,False,False,True,False,False,False,False,True,0,0.011243931088258163,0.0,0.97853538560041
2024-02-23 00:00:00-05:00,184.1405042298665,184.17036202409395,181.37357059288817,181.66221618652344,45119700,0.0,0.0,185.31193618774415,191.44691949028268,179.17695288520562,41.09319694196569,0.20254849758836868,False,False,False,True,False,False,False,True,0,-0.010034268832890603,-0.0,0.97853538560041
2024-02-26 00:00:00-05:00,181.38353517321784,181.90108040317875,179.8009961275691,180.30860900878906,40867400,0.0,0.0,184.7637855529785,190.60892108550186,178.91865002045515,31.41375840539905,0.11889878178187151,False,False,False,False,False,False,False,True,0,-0.007451231225454991,-0.0,0.97853538560041
2024-02-27 00:00:00-05:00,180.24888975946536,183.05562869813585,178.71611879819,181.77169799804688,54318900,0.0,0.0,184.3230827331543,189.6237188788059,179.0224465875027,30.807922238525762,0.2593322136249179,False,False,False,False,False,False,False,True,0,0.00811436013677258,0.0,0.97853538560041
2024-02-28 00:00:00-05:00,181.65227187035535,182.25940572629614,179.28346722817705,180.56739807128906,48953900,0.0,0.0,184.00556488037108,189.41152694124824,178.59960281949392,28.293512954507193,0.18200231796260966,False,False,False,False,True,False,False,True,0,-0.0066253434391680965,-0.0,0.97853538560041
2024-02-29 00:00:00-05:00,180.41810366151438,181.71199718953457,178.6862755375109,179.90054321289062,136682600,0.0,0.0,183.83561782836915,189.5404825224731,178.1307531342652,28.97300083382882,0.15511236230146888,False,False,False,False,True,False,True,False,0,-0.00369310775655729,-0.0,0.97853538560041
2024-03-01 00:00:00-05:00,178.70617492699984,179.68156498512658,176.54637506189474,178.81565856933594,73488000,0.0,0.0,183.48916015625,189.53713233936756,177.44118797313243,24.112734593828463,0.11363069757829196,False,False,False,False,True,False,False,True,0,-0.006030468970129044,-0.0,0.97853538560041
2024-03-04 00:00:00-05:00,175.3221528407019,176.0686281128373,172.9732433768994,174.277099609375,81510100,0.0,0.0,182.96597290039062,190.24342463656637,175.68852116421488,20.766674774668218,-0.09697223739896409,True,False,False,True,True,False,False,True,0,-0.025381216590722122,-0.0,0.97853538560041
2024-03-05 00:00:00-05:00,169.9574719243141,171.23145507958293,168.82283020205665,169.3204803466797,95132400,0.0,0.0,182.10400161743163,191.39451080899101,172.81349242587225,18.228324658060174,-0.18798819349783547,True,False,False,True,True,False,False,True,0,-0.028441024516732805,-0.0,0.97853538560041
2024-03-06 00:00:00-05:00,170.256065044738,170.43522699407845,167.88724549652,168.32518005371094,68587700,0.0,0.0,181.11174850463868,191.80709660985266,170.4164003994247,18.143327196241586,-0.09776308003917589,True,False,False,False,True,False,False,True,0,-0.0058782038116764745,-0.0,0.97853538560041
2024-03-07 00:00:00-05:00,168.35503848083317,169.92761476617306,167.6981518296525,168.20574951171875,71765100,0.0,0.0,180.108056640625,191.70110078759393,168.51501249365606,18.275015825032426,-0.01333829915666142,True,False,False,False,True,False,True,False,0,-0.0007095227342343025,-0.0,0.97853538560041
2024-03-08 00:00:00-05:00,168.20576217934803,172.8836708711805,168.14604658720506,169.92762756347656,76114600,0.0,0.0,179.24463272094727,191.1820517367196,167.30721370517495,25.46617703326592,0.10975629886323812,False,False,True,False,True,False,True,False,1,0.010236737190947531,0.0,0.97853538560041
2024-03-11 00:00:00-04:00,172.12725037151972,173.56048535052068,171.2414336396481,171.93814086914062,60139500,0.0,0.0,178.44341659545898,190.06399432188815,166.82283886902982,32.28795776662163,0.2200967163825624,False,False,True,False,False,False,True,False,0,0.011831585802096978,0.011831585802096978,0.9901130109755293
2024-03-12 00:00:00-04:00,172.3362371923594,173.2121062975323,170.20629520329734,172.41586303710938,59825400,0.0,0.0,177.7506866455078,189.05416484986816,166.44720844114747,31.516805001630345,0.26401849448692194,False,False,False,False,False,False,False,True,0,0.0027784537250077346,0.0,0.9901130109755293
2024-03-13 00:00:00-04:00,171.9580519129805,172.37607625258147,169.95748841772314,170.3257598876953,52488700,0.0,0.0,177.05845642089844,188.4022195036774,165.71469333811947,23.133092793319136,0.20324236833612677,False,False,False,True,True,False,False,True,0,-0.012122452729098399,-0.0,0.9901130109755293
2024-03-14 00:00:00-04:00,172.0973925529764,173.49080701178275,171.2414336176872,172.1869659423828,72913500,0.0,0.0,176.5035774230957,187.64897042391084,165.35818442228054,30.69747345385821,0.30634996538941367,False,False,True,False,False,False,True,False,0,0.010927331578703514,0.0,0.9901130109755293
2024-03-15 00:00:00-04:00,170.36554869703198,171.80873107910156,169.4896795825833,171.80873107910156,121664700,0.0,0.0,175.94421768188477,186.8377435856956,165.05069177807394,31.967864777760937,0.3101860389694164,False,False,False,False,False,False,True,False,0,-0.002196652117140041,-0.0,0.9901130109755293
2024-03-18 00:00:00-04:00,174.7448914522954,176.87483361469177,172.70452267737835,172.90357971191406,75604200,0.0,0.0,175.51673736572266,186.16834228520685,164.86513244623848,30.88805069501764,0.3773350272770376,False,False,False,False,False,False,False,True,0,0.00637248541407609,0.0,0.9901130109755293
2024-03-19 00:00:00-04:00,173.52065910891577,175.77999515234478,172.2168180823409,175.2524871826172,55215200,0.0,0.0,175.24402542114257,185.61164377663394,164.8764070656512,39.08421175346824,0.5004080860803551,False,False,True,False,False,False,True,False,0,0.013585071371088997,0.0,0.9901130109755293
2024-03-20 00:00:00-04:00,174.89417408943874,177.83030700683594,174.2671300256647,177.83030700683594,53423100,0.0,0.0,175.06238174438477,185.09303736394492,165.03172612482462,46.05759814960642,0.6379732974310082,False,False,True,False,False,False,True,False,0,0.014709176832010451,0.0,0.9901130109755293
2024-03-21 00:00:00-04:00,176.21791925324277,176.65585381045534,170.037097774542,170.56460571289062,106181300,0.0,0.0,174.41543502807616,183.80213090491614,165.02873915123618,37.28135682838449,0.2948783381441611,False,False,False,True,False,False,False,True,0,-0.040857497331239556,-0.0,0.9901130109755293
2024-03-22 00:00:00-04:00,170.95279171103329,172.23673773536032,169.26078406375387,171.47035217285156,71106600,0.0,0.0,173.90584182739258,182.72551784259514,165.08616581219002,45.12785658321948,0.36192862128138614,False,False,False,False,False,False,True,False,0,0.005310283784700109,0.0,0.9901130109755293
2024-03-25 00:00:00-04:00,169.76839047714014,171.13194711675717,168.65364374159117,170.0470733642578,54288300,0.0,0.0,173.39276504516602,181.8297321305105,164.95579795982152,51.437620007970345,0.30172426613350983,False,False,False,False,False,False,True,False,0,-0.00830043672598868,-0.0,0.9901130109755293
2024-03-26 00:00:00-04:00,169.20106023000122,170.61438491064948,168.78303590364706,168.9124298095703,57388400,0.0,0.0,172.7498016357422,180.4236164706677,165.07598680081668,51.15554696169755,0.24996974068835964,False,False,False,False,False,False,False,True,0,-0.0066725262142970365,-0.0,0.9901130109755293
2024-03-27 00:00:00-04:00,169.60914876354798,172.78415954350993,169.31055559917013,172.49551391601562,60273300,0.0,0.0,172.34620742797853,179.0803684877185,165.61204636823857,57.42850106697473,0.5110857526804433,False,False,True,False,False,False,True,False,0,0.021212672806168564,0.0,0.9901130109755293
2024-03-28 00:00:00-04:00,170.94283813483634,171.4205780589011,169.70866021166748,170.67410278320312,65672700,0.0,0.0,171.88488540649413,177.63181097797585,166.13795983501242,51.288215804915666,0.39465823001960004,False,False,False,True,False,False,False,True,0,-0.010559179722779977,-0.0,0.9901130109755293
